Orcamento_M,Genero,Mes_Lancamento,Nota_Critica_Antecipada,Tem_Estrela_Famosa,Sequencia,Sucesso
133.93567064858706,Acao,7,2.6247557198610405,1,0,1
146.96022084835354,Animacao,9,8.218065210907756,0,0,0
16.833814354743268,Drama,5,4.3103841188751275,0,0,0
51.16519749402474,Sci-Fi,5,3.916771624477584,1,1,0
174.46647560735502,Comedia,11,3.592659276646166,1,0,1
210.13524703265836,Comedia,12,5.020478190081985,0,0,1
83.67189272133707,Sci-Fi,6,4.509146321611054,1,0,0
224.46713912401535,Animacao,9,6.184190606310829,1,0,1
183.1705268243931,Acao,1,3.530221841433216,1,0,1
55.58534900915123,Comedia,1,3.5747576150266576,0,0,0
143.0146218699489,Drama,11,9.644907527227584,0,1,0
94.51166896638739,Comedia,3,9.397248980604793,0,0,1
53.65417663841888,Sci-Fi,6,4.746339362384704,0,1,0
198.54442284744613,Comedia,8,1.1944775552319142,0,0,0
241.71597337887263,Comedia,2,9.138700992764981,1,0,1
65.76487883554256,Drama,6,7.883026321898599,0,0,0
30.054744079202482,Sci-Fi,2,3.278851741373864,0,0,0
154.85162134989244,Acao,4,1.4182946585703728,0,1,0
184.95826174902828,Animacao,9,7.187813354158525,1,0,1
76.29731883934306,Animacao,10,5.29868943331241,1,1,0
174.47351890724278,Animacao,10,4.486665126332696,1,1,0
134.28819380729135,Sci-Fi,9,8.62100881242783,0,0,0
21.63628898233614,Comedia,2,3.8428659596380212,0,1,0
43.088617014905466,Comedia,4,5.223554509940956,1,0,0
54.87218227310105,Drama,8,5.316640057450799,0,0,0
248.63629627698327,Comedia,5,9.139990410838756,1,0,1
134.95969520439206,Animacao,2,2.6115704776456354,1,0,1
148.90948851410005,Drama,4,1.7063748654152788,0,0,0
186.35657398465165,Acao,11,3.3375671175061843,0,0,1
140.07082533510246,Sci-Fi,8,8.016095805343362,0,1,1
229.15685384218446,Animacao,9,6.9471233995647195,0,0,1
203.90083623710012,Acao,6,3.4902875787896903,1,0,1
106.71947936650896,Comedia,7,6.909574048657271,1,1,1
95.73384227698908,Drama,10,5.564843404488592,0,0,0
238.69041153060957,Sci-Fi,1,1.7025222272747498,0,0,0
92.47157869421436,Drama,1,1.66036598039975,0,0,0
217.62395591639873,Drama,11,8.024338139884508,0,0,0
209.26665092771128,Acao,12,7.762632886493687,0,1,0
139.15874781941378,Comedia,4,3.5978351414138503,0,0,0
231.39264941613368,Comedia,3,2.536321296285121,1,0,1
33.31515514360373,Sci-Fi,4,3.548715124218624,0,0,0
34.68339835857988,Animacao,12,4.000461827544835,0,0,0
178.36175096699816,Drama,9,6.557597721341722,0,0,1
223.71516859082354,Animacao,10,7.1074341421609875,0,1,0
48.29447221556897,Drama,11,6.310230309636688,0,0,0
76.13741077526886,Comedia,1,5.147910296263257,0,0,0
171.39796711763333,Sci-Fi,8,5.400345089262499,0,0,0
49.43274976484085,Animacao,1,2.453533880693089,0,0,0
178.32907278618072,Sci-Fi,3,7.043054351900519,0,0,0
127.03245332937473,Comedia,10,3.7882603879110444,1,0,0
173.36266436232611,Drama,4,4.239182955531186,0,0,0
135.17156615820625,Animacao,10,2.7838651502981206,0,1,0
20.41520666418024,Acao,5,4.547091208279826,0,0,0
63.74478484047464,Comedia,12,9.07117213315816,0,0,0
148.0492208483231,Animacao,3,7.532838568583213,0,1,1
38.90407843055017,Acao,8,3.2414671368131183,0,1,0
130.0280113121904,Acao,11,6.3471798249748215,0,0,0
43.12229638213503,Comedia,1,6.754032773290435,0,0,0
22.67401626142389,Drama,6,6.822181677633459,1,1,1
52.7864614086764,Drama,3,6.027754275965997,1,0,0
116.16835156305875,Animacao,5,2.33970250708371,0,0,0
220.62095791063234,Comedia,7,4.719378176453608,1,0,1
237.82339095644656,Acao,6,9.744700982970224,0,0,1
124.76018002949667,Sci-Fi,5,9.415163107194095,0,0,1
120.66864214874433,Animacao,2,5.211025712317083,0,0,0
162.9493674441657,Acao,7,6.579633842603963,1,0,1
87.90591914500888,Sci-Fi,7,8.26739588746051,0,0,1
38.21874232671857,Drama,3,8.579136112052407,0,0,0
22.2642391349859,Drama,5,4.132003232105852,0,1,0
163.03807667627808,Acao,3,1.637539204532626,1,1,0
204.94381477867947,Animacao,2,4.518320427719104,1,0,1
170.86250088007256,Sci-Fi,12,8.972089932755694,1,0,1
166.42424883432864,Comedia,2,3.736483334628347,1,0,1
111.89654645482827,Comedia,4,5.078605273977362,0,0,0
167.58288068788622,Drama,12,8.384878632335958,0,0,1
60.19875972662196,Sci-Fi,7,1.7060854795961802,0,0,1
168.38188452812017,Comedia,11,6.061097482665479,1,0,1
137.10961570072345,Comedia,4,5.114540133021034,0,0,0
189.64488876411818,Sci-Fi,2,7.166179066198076,0,0,1
32.50164540862191,Sci-Fi,5,5.331417514137346,1,0,0
198.28524399415713,Comedia,3,3.5481188138198156,0,0,0
174.9380890184053,Drama,10,8.036679327154534,1,0,1
176.8188391619443,Animacao,3,1.2204332064375798,0,0,0
129.2479647032181,Animacao,1,7.450575086684532,0,1,0
244.0866704881931,Comedia,6,5.723929151637211,0,0,1
58.84662894436506,Acao,5,1.3205567556904148,0,0,0
81.76489831667479,Drama,11,4.168889669328259,1,0,0
64.63741427060637,Comedia,1,7.955743900918812,1,1,0
21.560532506083312,Comedia,5,8.414697549765648,0,0,0
226.95312578862686,Sci-Fi,2,6.482029587133968,0,0,1
29.22484928179187,Acao,7,7.98944178723014,1,0,1
155.73190522866352,Sci-Fi,12,5.803092227644092,0,0,1
161.40320887156318,Animacao,11,2.646037754671558,0,0,0
100.70606365513662,Animacao,5,8.842168419949983,1,0,1
13.177842660735166,Sci-Fi,1,8.665077812328061,1,0,1
212.13265884422216,Comedia,11,1.7633632414664113,1,1,1
102.38505905498664,Animacao,2,7.321730759670952,0,0,0
142.39980281832504,Sci-Fi,12,1.7873116440716528,1,0,1
180.5291536152522,Drama,11,4.106258720872651,0,0,0
172.06692417256707,Animacao,7,4.394624159292118,0,1,1
176.69551954538687,Comedia,5,9.020369654898827,0,0,1
92.18962428688013,Drama,8,2.355018725399642,0,0,0
108.97373528136654,Acao,10,8.751266250834309,1,0,0
67.54983172961803,Drama,9,4.345507444672415,0,0,0
242.52063428593,Drama,11,1.4706230503569317,0,0,0
79.25368182757165,Comedia,5,9.979395395164932,0,0,0
45.354787046572355,Acao,8,5.868171683797368,1,0,0
41.04170556478188,Drama,10,5.401052557338344,0,0,0
236.57345211068477,Drama,1,6.693964341145321,1,0,1
94.34422348317358,Acao,3,2.27129268886197,0,0,0
186.05622716032642,Comedia,1,1.9685982964708648,0,1,0
229.33348642360997,Comedia,1,4.7803700203847646,0,1,1
178.23699861138098,Comedia,5,2.5863301722891516,0,0,0
103.2475052914623,Animacao,12,6.2559730790958294,1,1,1
236.1422293257978,Comedia,9,3.6394406685704004,0,1,1
186.75791950428604,Comedia,1,3.2464379697848145,0,0,0
67.23145311867125,Animacao,12,3.370972917482341,1,0,1
207.70569478484626,Comedia,6,5.998037021599642,0,0,0
192.54722684374548,Comedia,5,8.01194242765871,0,1,1
104.73017776892934,Acao,10,3.655152343103925,1,0,0
58.04510015171803,Sci-Fi,4,7.596889851468547,0,0,0
181.0231535830756,Sci-Fi,9,9.091387973366325,1,0,1
212.87413527173112,Sci-Fi,4,7.2499396916537435,1,0,1
98.47516985523127,Acao,9,6.4674245578147485,0,0,1
114.8752285619769,Animacao,7,5.13014728499873,0,0,0
95.58343942463114,Comedia,1,5.637592560611101,0,0,0
67.53697764087784,Comedia,5,9.307599752451472,1,0,1
166.81075390051146,Comedia,10,4.3574276284767155,0,0,0
103.70540818770492,Animacao,12,3.3079833309641455,0,0,1
167.8679242953216,Comedia,11,4.441426874153218,0,0,1
96.94560521252569,Acao,3,7.727107578291916,1,0,0
95.56048333824467,Animacao,9,2.9078379785893027,1,0,0
56.86038411454082,Comedia,8,5.217823794115186,0,0,0
246.95506012753447,Animacao,8,7.093539290121839,0,0,1
15.593318175669069,Comedia,8,6.213205050007316,1,0,0
141.53930700549552,Sci-Fi,1,1.4741595456322285,0,0,0
144.61789465533903,Drama,6,5.435064939846851,0,0,0
27.941125037778907,Comedia,10,9.08015572237085,0,0,0
224.1450421545426,Comedia,4,2.0140906035617054,1,0,1
36.54949876925636,Animacao,10,2.287800585405126,1,0,0
160.1856282478767,Acao,2,8.55377234591947,0,0,0
34.20390844401944,Sci-Fi,12,7.567907793838506,0,0,0
180.604669396868,Comedia,10,2.0087260893243655,0,0,0
221.51908123039726,Comedia,8,5.521609971961775,0,0,0
176.8695911319118,Acao,7,8.44158888028727,0,0,1
73.88144776333833,Acao,4,8.447449269036767,0,0,0
228.39131196904674,Drama,8,2.760674824312849,0,1,1
149.10840699234092,Drama,1,5.996371634748621,0,0,0
96.32485478801136,Animacao,5,8.114664731960056,1,0,0
214.6322170553299,Acao,12,5.245538328313047,0,0,1
69.08301102465856,Drama,1,6.912844983093753,0,0,0
197.30658531778468,Comedia,4,4.297622587022429,0,0,0
20.922318677994618,Comedia,11,7.731558945338455,0,1,0
222.40988525094636,Acao,9,1.2447851500425273,1,0,0
76.34109297742984,Sci-Fi,4,9.513034498478003,0,0,0
149.42185628904033,Comedia,12,3.3389676538591826,1,0,1
228.5589430438083,Acao,5,1.6357287003800995,0,0,1
248.22185115014278,Comedia,1,9.107922150397846,1,0,1
24.93376951406539,Animacao,5,7.77909392820377,1,0,1
232.835545023934,Sci-Fi,4,2.160080318019271,1,0,1
134.11854548918586,Acao,10,1.1228240951671915,1,0,0
236.89170061644032,Comedia,6,2.458266531472563,0,0,1
141.26346023545767,Acao,12,8.55926014112173,0,0,1
73.39879116373281,Drama,2,6.90532784611579,1,0,1
165.3312353924092,Acao,3,4.1899163896600795,1,1,1
121.11649514642136,Animacao,6,6.637333885316027,0,0,1
161.44171649603302,Comedia,3,7.456954060437236,0,0,1
132.69671189871212,Animacao,1,3.4736422254471817,0,0,0
63.37141259931299,Animacao,3,6.3085454531704475,1,0,1
186.27889331600358,Sci-Fi,9,5.535446111468561,0,0,1
201.9187278887743,Drama,3,7.301599985090592,0,0,0
220.3891980983136,Sci-Fi,10,2.0958982874786702,0,0,1
82.62971242791552,Drama,10,7.368528759927913,1,0,1
156.22519961625588,Drama,11,9.907466401526428,0,0,1
30.400260060130382,Acao,2,1.2003830193866345,0,1,0
86.6026782521413,Drama,6,6.4032709139666455,0,0,0
205.71981209874772,Comedia,4,2.8757825016263396,0,1,1
219.37754101212101,Acao,10,7.432734313402071,0,0,1
223.76981251376657,Drama,12,7.119641054623496,1,0,1
175.57837654808105,Acao,3,6.5772593509099,1,1,1
229.83053071030258,Sci-Fi,4,7.966467263291326,1,0,1
107.72686539151526,Sci-Fi,2,8.744059134086559,0,0,1
49.026469165499044,Sci-Fi,9,6.002981612267888,0,0,0
54.181864876249435,Sci-Fi,7,4.9456284554275065,0,0,0
63.70509047330491,Drama,10,9.00614881205233,0,0,1
10.285278687867931,Sci-Fi,9,7.441968845455103,0,0,0
64.42760533395791,Animacao,8,9.583217345033756,1,0,1
233.43506001133588,Animacao,10,3.6870773154046197,1,0,1
187.24445264843135,Comedia,12,7.9375163802044035,1,0,1
230.19452822007958,Comedia,8,9.642686789650273,0,0,1
154.83951065826645,Acao,9,5.091083149195693,1,0,1
119.06068988335568,Sci-Fi,3,9.821644315871625,0,0,0
85.23493463722632,Drama,11,2.182883803537049,0,0,0
101.43564823827894,Comedia,12,5.8461545044179095,0,0,1
164.2748828663363,Acao,11,5.666133535147453,0,0,1
203.56780221749386,Acao,3,5.918175603816246,1,0,1
41.326654218239156,Sci-Fi,10,4.024187302558985,1,0,0
185.3356304448314,Drama,7,6.806866467840934,0,1,1
11.305147641051274,Drama,8,8.354162837646186,1,0,1
166.15871760092824,Sci-Fi,5,5.15319156216808,0,1,0
118.73165496891059,Acao,5,4.06518193566828,0,1,1
58.154853403181335,Animacao,4,3.7480157366871305,0,0,0
161.47095457412388,Acao,5,2.5926931069317143,1,1,0
14.269902036889333,Sci-Fi,11,8.927945857824126,0,0,0
211.25215980574237,Animacao,3,9.852200609761226,1,0,1
136.13104339601063,Drama,7,8.368391557743461,1,0,1
99.02509755275582,Sci-Fi,3,2.6803324082762363,0,0,0
112.17988621012348,Comedia,11,6.072564327033351,1,0,1
73.62288385008692,Comedia,6,5.235210998345165,0,1,0
117.13782825978437,Acao,12,5.0042114214232924,0,0,1
245.8367766540059,Sci-Fi,4,1.6243574101174392,1,0,1
190.4930056224066,Drama,6,2.605103260416084,0,0,0
135.02228659519193,Drama,10,7.566792220220085,1,0,1
120.97181574891674,Acao,2,5.394786934588149,0,1,0
26.189608627894863,Sci-Fi,6,1.027676355465914,1,1,0
159.48154768717933,Sci-Fi,10,4.278864063457856,1,0,0
182.70866697885646,Sci-Fi,4,6.597623199762095,0,0,0
118.17662708266113,Acao,8,9.647517314259206,1,1,1
174.34657074816698,Acao,10,5.977791182914537,1,1,1
185.81714349048872,Drama,12,9.128566785714218,0,0,1
45.95314905769405,Comedia,12,8.236755154948206,1,0,1
156.15892237008407,Sci-Fi,12,2.299132648227802,0,0,1
217.03693213239194,Animacao,10,8.700210754496577,0,0,1
12.788953543930281,Acao,6,6.376045446676017,0,1,0
201.97951249375186,Animacao,3,2.637475817804573,1,0,1
238.83768342549206,Drama,10,1.0887981692085698,0,0,0
35.2432556613828,Sci-Fi,4,9.041351172853336,0,0,0
117.43567497155291,Comedia,1,4.625241377609421,0,0,0
115.06566005275496,Acao,2,5.214302895886604,1,0,1
158.96703768358867,Drama,8,9.442640793597816,1,0,1
98.60129429580512,Drama,8,9.849908010248537,0,0,1
104.87828368915073,Acao,1,9.35441962208385,1,0,1
84.05712612234143,Animacao,8,2.59434635745801,1,0,0
152.0997395066477,Comedia,6,5.8478339417801495,1,0,1
54.350718395570794,Acao,9,2.394925124642734,0,0,0
242.186757328327,Animacao,8,5.0302462552552605,1,0,1
221.08088664875655,Acao,3,4.541922846727445,0,0,0
38.684789678745446,Acao,5,2.6917142227311732,0,0,0
175.62100900218408,Animacao,8,2.07254845315284,0,0,0
226.96091833328782,Acao,1,7.0306742928907715,0,0,1
154.99096889513538,Sci-Fi,12,3.207650398672583,1,0,1
127.9378632063469,Comedia,8,7.3499831251860055,1,0,1
200.35654385625156,Sci-Fi,5,9.309887669018785,1,0,1
52.48595730178682,Animacao,7,8.981555017965958,1,0,1
92.08709786955023,Comedia,12,2.066998471184074,0,0,1
71.32755255360416,Drama,2,9.471842120802265,0,0,1
65.84283894845248,Sci-Fi,9,3.435578367721837,1,0,1
192.6680610994059,Animacao,5,2.4048685740955844,0,0,0
236.42809213234125,Comedia,4,8.44890881013754,0,0,1
124.67686143561295,Comedia,6,8.212138905849004,0,0,0
17.402479711002705,Acao,7,1.2850385946236016,1,0,0
152.10868097431006,Animacao,7,6.089075866418937,1,0,1
90.82556861639469,Drama,5,1.9360807691404287,1,0,0
130.99387456084924,Drama,6,6.659245867649069,0,1,0
15.699041744170392,Comedia,2,8.862979608222638,0,0,0
84.79272913710322,Animacao,1,3.710356901574659,0,0,0
215.81355846745637,Comedia,6,2.3620619434870047,0,0,0
107.42963109050139,Animacao,9,6.928386991479139,0,1,1
148.2133662829965,Animacao,4,3.3947586910364587,0,1,1
175.87769489407444,Drama,1,2.499740946724386,0,0,0
217.32417770535397,Comedia,2,4.704300842823818,1,1,1
210.04322669245977,Animacao,9,6.227997662963316,0,0,1
194.32555795368708,Animacao,2,8.810340250771333,0,0,1
78.800870942881,Drama,9,1.5574132268821281,0,0,0
83.39786341956227,Drama,11,7.3100851622172955,0,0,0
208.21695068136626,Drama,5,4.705194885092452,1,0,1
146.97810793944763,Acao,11,8.859960208671549,1,0,0
69.55127708560684,Comedia,12,6.763019649080349,0,0,1
13.01109560173571,Acao,2,6.144135834267253,1,0,0
89.89390234405575,Comedia,1,4.600677998725802,1,0,0
104.29283617852975,Animacao,10,4.385253669681005,1,1,1
202.31227890696167,Animacao,2,8.520096049077988,0,0,1
224.9348241805065,Animacao,7,5.195098795509713,0,0,1
191.25426315606512,Comedia,5,5.064246197290155,0,0,1
170.56766315313305,Comedia,2,9.183146188924974,1,0,1
208.0647114273661,Drama,1,8.010558501541112,0,0,1
25.033808660423027,Comedia,11,6.643997253658907,0,0,0
197.3491120104901,Drama,8,1.8220383342418622,0,0,0
26.11319906494865,Sci-Fi,1,5.312972175473147,0,1,0
41.74086263187158,Sci-Fi,5,4.854938202346988,1,0,0
184.5046081854323,Drama,5,2.4022703546599855,0,0,0
70.2630678883086,Drama,9,4.641591547947311,0,0,0
141.40299836950462,Comedia,3,2.2833807218370485,1,1,0
13.22271883338682,Animacao,9,8.582558606060458,1,0,1
27.262581022400354,Comedia,4,6.117054850657758,0,0,0
42.970002891794756,Drama,5,5.549776440686447,1,0,0
91.93888739662279,Drama,5,3.2554534113131965,1,1,0
148.3973384454911,Comedia,12,2.8751241271321444,0,0,1
59.85003948549337,Sci-Fi,11,9.4989035205197,0,0,0
231.63738682506744,Comedia,5,5.792119847828936,0,0,0
71.858508572132,Comedia,6,6.0720734574715705,1,0,0
176.63865795455496,Animacao,3,9.453642357470146,0,0,0
192.36236696352046,Drama,9,7.334160806522334,0,0,0
249.43575893940036,Drama,1,8.561108878727756,0,0,1
199.00356293635008,Acao,4,5.789763046166261,0,0,1
96.87544257995764,Animacao,9,8.929834617682896,1,0,1
90.1474637513275,Acao,5,4.350742505612309,0,0,1
188.3725748671015,Comedia,12,9.52379806895647,0,0,1
87.33497307774608,Animacao,8,3.038437756730268,0,0,0
101.19272215536306,Drama,6,1.5599088287952938,1,0,0
176.40333643654418,Animacao,8,9.646829130195918,0,0,0
105.25083161913051,Sci-Fi,8,3.845789248190753,1,1,0
38.64432756462715,Animacao,3,8.539635639042949,0,0,0
147.0465249536662,Acao,11,4.645124197185851,1,0,0
53.85286420037059,Drama,5,9.309260405063714,1,0,1
122.47671583162148,Animacao,6,4.681283990352089,0,0,0
235.15075571000074,Comedia,8,6.9227534027903195,1,0,0
116.5584737924015,Acao,7,2.4797765371907428,0,0,1
161.76973035166398,Drama,8,6.464023185099497,1,1,1
78.59664461918277,Acao,7,2.9226140775179856,1,1,0
156.07527210670955,Animacao,2,3.4432626993950866,1,0,0
174.4792566433559,Animacao,7,8.00929688709503,1,0,1
206.91500955255987,Drama,1,4.368000998017424,1,0,1
85.02270692082605,Animacao,3,8.243471071614813,0,0,0
77.40821029082431,Comedia,4,3.6716295265184216,0,0,0
81.37191178609318,Comedia,4,5.571339647031491,1,0,1
117.43741373293,Acao,10,5.068972616830404,0,0,0
151.46656182939628,Sci-Fi,5,9.449674079781072,0,0,1
222.378989874474,Comedia,6,5.681303454050569,0,0,1
249.6170392654427,Acao,3,5.547272494397428,0,0,0
99.73774165610689,Comedia,4,1.6496823321611858,0,0,0
34.150597184995284,Drama,12,2.8776854391164473,0,1,0
207.19644062417575,Acao,1,7.4879158173593305,0,0,1
135.29737376614662,Comedia,7,2.455197541319624,0,0,1
185.75018401257847,Acao,2,8.116746688332142,1,0,1
162.56043272128642,Drama,2,8.061481059996341,1,0,1
166.03256151004496,Acao,6,8.007946126191346,0,0,1
224.5427804461878,Comedia,1,2.43739750477477,0,0,0
137.75216336209724,Comedia,11,2.8782668380221814,0,0,0
56.85916880762788,Comedia,2,3.5160864080458287,1,0,1
39.51301578401778,Drama,10,7.173793522247032,0,0,1
243.9103141666207,Sci-Fi,7,3.641556199551999,1,1,1
65.1710737734723,Sci-Fi,2,8.064154454281455,1,1,1
64.32873326760084,Sci-Fi,7,5.901759320343942,0,0,0
169.06928199367147,Comedia,12,7.669388290260056,0,0,1
124.66894602173645,Comedia,9,4.597464226446698,1,0,1
181.22208206969654,Acao,12,5.127930898351893,0,0,1
179.83918593455607,Drama,3,7.170388889924836,0,0,1
129.9705838329151,Comedia,7,5.582682519958825,1,0,1
40.40607869082702,Comedia,9,3.5933931340477048,0,0,0
222.79208418113453,Animacao,11,4.73862100319273,0,0,0
60.31555172423059,Acao,7,9.879414897574028,0,0,1
113.34649254181326,Acao,10,4.900208824355094,0,1,0
228.9443001725091,Acao,5,1.285697412845106,0,1,0
235.36013756937055,Animacao,2,9.59043165785751,1,0,1
148.85662398007426,Animacao,8,7.869163228575262,0,0,1
217.30573448023085,Comedia,2,6.914499879976178,0,1,1
174.04896207344453,Sci-Fi,12,1.8348019657501808,0,1,1
125.09507008959754,Animacao,10,6.846877960568218,0,0,1
116.37554950029767,Sci-Fi,12,4.3590015769616794,0,0,1
38.78680624956534,Drama,8,2.465411719650752,1,0,0
116.02170790805063,Sci-Fi,10,7.291970982903768,0,1,0
114.18395391905408,Acao,8,3.195259854591762,0,1,0
123.30198702980604,Drama,4,7.170636508907281,1,0,1
82.93082096755876,Sci-Fi,8,3.2873236150784955,0,1,1
223.45796846178067,Comedia,11,2.0273213112944344,0,0,0
12.306000371141224,Animacao,5,4.709965730550008,0,0,0
32.8181408833637,Drama,5,8.132957397442494,0,0,0
170.74646673755996,Comedia,7,2.653766519571857,0,0,0
107.94967336262367,Drama,10,2.0564396791477146,0,1,0
212.89532351396974,Acao,10,4.6235812678788974,0,0,1
84.82172088218083,Drama,5,3.9974019037589965,0,0,0
215.45764103108576,Animacao,12,5.10809773145939,0,0,1
18.097080572908098,Comedia,5,1.7856690486061146,1,0,0
248.13383446998063,Sci-Fi,7,2.6676366857249842,0,0,1
241.857306794184,Drama,3,4.386330815470882,0,0,0
243.09076756138674,Comedia,10,9.083939995295829,0,0,1
20.571728296241368,Animacao,4,4.792851973857293,1,1,0
230.86629459853447,Drama,4,4.627702119125643,1,0,1
167.51350151387336,Animacao,5,6.396607198130288,0,0,1
126.63631082595758,Sci-Fi,1,1.7887628605479229,0,0,0
88.56978941611419,Sci-Fi,6,4.976449969345786,0,0,0
229.6679840088113,Animacao,12,9.011144762536357,0,0,0
30.989613212259197,Sci-Fi,8,3.233486964802631,1,0,0
215.109692632993,Drama,9,2.444218397824017,1,0,1
74.67189528465366,Acao,12,6.1897669605079,0,0,1
134.63650465049375,Acao,4,3.3573427498539052,0,0,0
138.47429459949018,Acao,10,8.819591072165636,1,1,1
218.89268854707203,Acao,9,3.9936228342330535,0,0,0
17.325715715511976,Sci-Fi,2,2.344913603330375,1,1,0
224.90454058500023,Comedia,5,6.1451850618698245,0,0,1
33.95627771388091,Animacao,3,2.8387845744392703,1,1,0
217.5526494110693,Drama,12,8.110054801846415,1,0,1
228.9166710901525,Sci-Fi,8,1.8250711156879096,0,1,0
194.93222301286184,Animacao,4,2.391286844838728,1,1,0
18.443494831980935,Acao,11,7.9620639471113455,0,0,0
95.47046917751588,Sci-Fi,12,5.411196967387982,0,0,1
160.13627179617725,Acao,6,3.3587568416901084,0,0,0
42.6878214883131,Sci-Fi,6,8.99753382225175,1,0,1
207.7733075589073,Acao,9,9.373727495878184,0,0,1
10.250573812057828,Animacao,4,8.635710580379083,1,1,1
176.89458702322838,Comedia,4,2.0998370345922845,0,0,0
145.584513392757,Acao,9,5.367637890006695,0,0,0
61.154527470732695,Animacao,11,4.3743057360519835,0,0,0
158.19380521786573,Sci-Fi,8,1.9500589247464037,0,0,0
216.1179751147734,Drama,6,2.376678323348192,0,1,1
180.8812506798275,Animacao,12,3.8561412649081164,0,0,0
164.7166031523598,Acao,1,3.9725144935564,1,0,1
173.70881758806394,Sci-Fi,7,6.18502232325412,0,0,1
121.55379406027453,Animacao,4,1.3462716533934005,0,0,0
105.29011387315124,Animacao,12,8.288880557612437,0,0,1
34.55615883721761,Comedia,11,1.3155242394163698,1,0,0
16.491715094169344,Sci-Fi,1,4.323567141769082,1,0,0
116.76479536802046,Acao,11,5.203660966382096,0,0,1
159.75391927207284,Animacao,11,7.236670182119048,0,1,1
87.80075826994428,Comedia,9,4.1557788634327375,0,0,0
142.45727085365357,Animacao,11,8.919192242881929,0,1,0
176.0085871186774,Drama,12,5.226641730434308,1,1,1
19.59937480188076,Acao,3,1.6452921386401178,1,0,0
164.32898133480077,Comedia,3,7.142683951329663,0,0,1
212.20579125509155,Comedia,11,2.7108795341079883,0,0,1
194.49161815828325,Drama,1,3.353154435663124,0,0,0
25.964646856787468,Comedia,9,1.0821351611328307,0,0,0
98.62847815462518,Drama,7,7.092172601955465,0,0,1
129.70574248335362,Acao,7,9.928581829789096,0,1,0
106.47320222270017,Comedia,12,7.976413975701943,0,0,1
54.16983689684195,Animacao,11,7.796553249734103,1,0,0
225.14268820204472,Drama,4,1.540788053363102,0,0,1
234.90118432377975,Comedia,4,3.052326305113919,1,0,1
32.776732520501426,Sci-Fi,1,7.676236401251113,0,0,1
65.45372220447452,Drama,11,7.826226661068048,0,0,0
10.106078763952162,Acao,12,3.904180806525998,0,0,0
133.1633305313859,Drama,6,2.4770816757873115,1,0,1
203.00876416074806,Drama,5,2.6928487547514437,0,0,0
103.7149727638034,Sci-Fi,11,3.279950348820058,1,0,0
80.62554868232044,Acao,9,9.339206121544601,1,0,0
112.81710579409184,Sci-Fi,2,9.633813240688069,1,1,1
116.71795372571331,Animacao,9,6.598486379846099,0,0,0
238.70596260349302,Drama,10,2.6835987239840766,0,0,0
13.906506504956067,Drama,5,7.05542455275056,0,0,0
71.69472887437047,Sci-Fi,2,5.990574682160848,1,0,0
11.200636593998237,Animacao,12,6.166355935339257,0,0,0
137.74197352402192,Animacao,12,7.496728436583828,0,1,1
196.9121069942356,Animacao,7,6.76831035502739,0,1,1
211.292336306453,Comedia,10,8.99361373189366,1,0,1
229.73383429412132,Sci-Fi,7,2.4662941508721645,1,0,1
97.04577702532885,Animacao,1,9.906202552691282,0,0,1
136.92150211216443,Sci-Fi,8,2.687042468205265,0,0,0
207.81197836501457,Sci-Fi,2,8.008436149704963,0,0,1
190.63635348585183,Comedia,3,7.5853986310678785,0,0,0
90.4862563990161,Animacao,3,9.276379527621625,0,1,0
177.22527715524828,Drama,9,8.013542120693206,0,0,1
222.00204231676517,Drama,11,6.858346023508494,1,0,1
24.455505433811922,Acao,4,4.9392068738961745,1,1,0
167.38108499864182,Sci-Fi,1,4.755853083631415,0,0,0
92.48455946040616,Comedia,4,5.330795395578827,1,0,1
85.68921151782796,Comedia,7,9.811957931558824,1,0,1
226.04422846448432,Animacao,7,8.463989492586812,0,0,1
91.7034503478872,Sci-Fi,4,9.171418426634364,0,0,1
243.9016294496812,Drama,8,8.739338701144716,1,0,1
174.13175524772413,Drama,12,7.664109713384599,0,0,1
148.9703754692713,Comedia,5,2.630279173345752,1,0,0
247.6733014569726,Acao,7,3.5907142007313837,0,0,0
65.55851140051531,Animacao,6,7.200864015586136,0,0,1
26.261710275965406,Drama,3,4.634509547598389,1,0,0
20.61562019878145,Sci-Fi,5,2.2912615314741784,1,0,0
224.53615378959574,Animacao,9,3.4347456695477856,0,0,0
184.77535654120345,Acao,10,2.645870535248137,0,0,0
182.04119341586275,Animacao,4,7.107169943854123,0,1,1
195.5636420298736,Acao,2,5.126966126918696,1,0,1
191.72763115316397,Sci-Fi,8,5.8897801326326,0,1,1
28.045703055440285,Sci-Fi,6,7.24669315137247,0,0,0
111.63964970699809,Animacao,12,2.2065934817607435,0,0,1
103.68063466198541,Acao,8,3.4985608665036865,0,0,0
125.38653390184136,Comedia,4,3.2152678163127915,0,0,0
149.5913714007713,Acao,8,2.7390912876388507,0,0,0
20.371664636735005,Comedia,5,3.3063234879296224,0,0,0
235.4596208227408,Comedia,6,5.658863943567472,0,1,0
152.56016366698861,Comedia,12,6.431859771647119,1,1,1
101.34183351357674,Drama,3,1.4293052824144117,0,1,0
248.84987346146812,Animacao,11,1.8961273638248872,1,0,1
80.60221964648845,Comedia,9,6.558643232718607,0,0,0
68.51763222572322,Comedia,8,6.921149505506707,0,0,1
245.33487791942218,Comedia,1,9.592483238393564,0,1,1
109.52898897234151,Animacao,1,6.321817604907801,0,1,0
158.0512159244535,Drama,2,4.477054716491468,0,0,0
12.83467880267577,Sci-Fi,4,7.691200868386398,1,0,0
147.87232522731802,Sci-Fi,6,5.116787106593969,1,0,1
37.844970917304714,Acao,5,7.622341079338632,1,0,0
96.24112244822203,Comedia,2,7.87268567841429,0,0,0
81.47115685233524,Animacao,4,2.2233438404280714,1,0,1
48.339856798239055,Comedia,8,3.921883718743956,0,0,0
94.10379163994624,Comedia,10,4.230716658370884,1,0,0
234.15778918475635,Sci-Fi,4,9.589339643083092,1,1,1
195.5754450768536,Acao,5,9.04236728306651,1,0,1
227.72658926256761,Animacao,4,1.7369238931818174,0,0,0
27.64114317131569,Sci-Fi,3,2.6771503985258915,0,0,0
99.28185020397464,Acao,12,3.2957404682072258,0,0,1
91.50451438350996,Acao,7,8.80482352593178,1,0,1
41.5987653428011,Animacao,7,7.218430679314983,0,0,1
218.72971951104847,Sci-Fi,9,1.5457028769597492,0,0,0
19.127670836444768,Comedia,2,5.308332654392315,0,0,0
58.198885275003235,Drama,3,7.652277997556441,0,0,1
129.19965014366602,Sci-Fi,2,2.027338980131657,0,0,0
239.21724740660247,Drama,4,6.378954154717933,0,0,1
14.112926324043045,Sci-Fi,11,4.783217699904295,0,1,0
193.08631746363722,Sci-Fi,5,9.398834175827151,1,0,1
79.46336750447873,Comedia,4,9.265772919849423,0,0,0
144.97948916402694,Comedia,3,5.0139899116988005,1,1,1
29.933125005638026,Drama,6,4.706957618226933,0,0,0
162.10531267241655,Acao,3,8.148655002038701,0,0,0
93.65932489337887,Drama,12,4.161333399534567,0,0,1
143.97014274622836,Acao,7,2.9815968652068374,0,1,1
203.42999412809363,Sci-Fi,4,3.505794798464271,0,0,0
239.278344511645,Acao,10,5.001574727386509,1,0,1
159.564668080036,Acao,3,6.160332665457971,1,0,1
26.591884601283642,Sci-Fi,1,4.022806805535687,0,0,0
110.23812051464179,Drama,10,7.910733711102399,0,0,0
73.81203879307449,Comedia,8,9.699356726204691,0,0,0
196.77276193186907,Comedia,3,8.569329475904109,0,0,1
202.79087595800715,Sci-Fi,5,4.662496269500668,0,1,1
153.86280054893172,Acao,4,6.671287101501669,0,0,1
119.91816639527015,Drama,8,5.8007398484181145,0,0,0
47.0649838791021,Animacao,8,7.674994937703057,1,0,0
92.48215638735294,Sci-Fi,6,6.629637741497493,0,0,1
130.23520612801332,Drama,11,1.3355247302719229,0,0,0
146.17776585528466,Sci-Fi,8,1.222084119378819,0,1,0
18.439986735072445,Acao,6,9.543928894827314,1,1,1
167.70893731043736,Drama,8,1.1846037432619578,1,1,0
81.3454373724622,Drama,12,4.478567353569959,0,0,1
152.94656234892065,Drama,2,1.2967122532721602,0,0,0
155.8744869657407,Comedia,12,2.245130478243974,0,0,0
124.50884361825432,Acao,11,8.253400003881348,0,1,0
169.23525571296045,Animacao,9,2.9724844238703687,1,0,1
152.47475760993268,Drama,4,8.362684857658277,0,0,1
208.6013052064317,Acao,11,9.20035828259457,0,0,1
90.11495408413393,Acao,3,2.791666632514248,1,0,1
77.94368536567266,Drama,9,8.68296770096032,0,0,0
79.04768555093038,Sci-Fi,9,4.799826281774958,1,0,1
118.51752016978955,Sci-Fi,4,2.578603118735192,1,0,0
227.303190490807,Comedia,12,1.3056782192401406,1,0,1
59.84835484289072,Drama,11,3.7679602348801176,1,1,0
242.86647690959333,Acao,6,9.72174387433319,0,0,1
44.59719788414593,Sci-Fi,3,6.713010406614689,0,1,0
131.52954707839984,Acao,1,2.850115431097544,0,0,0
144.48632249791075,Comedia,10,3.9837547382955547,1,0,1
35.54091194057219,Acao,5,8.638512103187045,0,0,0
43.59316403892816,Sci-Fi,12,3.9334753830497053,0,0,0
155.6596916409251,Drama,3,3.5816082821694812,1,0,1
193.65141279141372,Drama,10,6.229992360164732,0,0,1
71.83943230085744,Sci-Fi,4,1.7948378013272763,1,1,0
21.965041145254823,Comedia,9,7.3240585557660705,1,0,1
61.17804299944193,Animacao,3,4.555800743503989,1,0,1
81.26776032011098,Drama,9,1.363637119864423,0,0,0
75.76434427098314,Acao,6,7.608650919718003,1,0,1
37.20375780662964,Comedia,2,9.927930415974956,1,1,1
216.88154392974207,Comedia,8,3.607798641739299,1,0,1
11.69124898634812,Animacao,10,1.3741834978341556,0,0,0
172.2429309952314,Animacao,10,9.74583436178916,0,0,1
169.3844646064788,Sci-Fi,2,9.70197144869014,1,0,1
69.28458765110149,Drama,4,9.185163817367629,0,0,0
33.8460824080216,Comedia,2,1.8011037869004456,0,0,0
106.61364946206776,Sci-Fi,5,2.4167507789751563,0,1,0
31.335090262518648,Acao,11,8.871241545968562,1,0,1
13.617587047754576,Comedia,7,2.7948238933218024,1,0,0
241.38633049060638,Animacao,2,1.0843292998703526,0,0,0
14.258020487670091,Drama,6,4.440322207161762,0,0,0
13.858335052956008,Sci-Fi,3,8.298923679040616,0,0,0
32.473942529712204,Drama,4,7.63879180863004,1,0,1
178.77327771844108,Drama,6,2.4822889451724772,0,0,0
216.51006643163498,Drama,11,5.708233534801308,0,1,0
217.992127004886,Sci-Fi,7,6.290450691610636,0,0,1
24.751269204195488,Acao,8,5.3542835415901795,0,0,1
153.40631308599887,Comedia,3,2.0318023333044466,0,0,0
142.5742610015441,Comedia,3,1.671942045960039,0,0,0
203.95861136731122,Comedia,6,3.6574106508566375,1,0,1
191.83387590636156,Sci-Fi,8,3.1463001268753086,1,0,1
105.16513405191391,Comedia,3,6.698918757215399,1,0,1
125.87163887926805,Sci-Fi,1,6.002831442758012,1,0,1
74.72463454381851,Drama,3,5.711534307141468,0,1,0
157.94717826069368,Acao,8,2.5440440777244846,0,0,1
164.88483395403168,Sci-Fi,11,7.029339234301048,0,0,0
125.35869873346361,Acao,7,3.9473116690130796,0,0,1
231.87798255663705,Animacao,6,7.162055709865896,0,0,1
176.49313070704633,Drama,6,6.286283674050223,0,0,0
194.99294107249563,Comedia,8,2.0779092374570673,1,0,0
83.48949780708904,Drama,2,6.127392238676484,1,0,0
179.86901562844722,Acao,6,1.630828152266215,0,0,1
71.04999063183858,Sci-Fi,8,7.117105655476994,1,0,1
245.0765581189655,Animacao,11,3.4875870504698634,1,0,0
85.563158463086,Comedia,10,7.9140321720947115,1,1,0
184.7907430730421,Comedia,12,8.157824738304432,0,0,1
12.491071141240031,Comedia,6,3.271436129624143,1,0,0
55.34314375399586,Drama,11,1.9816624821324698,0,0,0
18.621149155508576,Drama,12,3.294240279686555,1,0,1
81.81603414758199,Sci-Fi,7,1.1880619662727088,1,0,1
70.17576403801976,Sci-Fi,11,3.723556871648188,0,0,0
23.39535014567734,Acao,12,3.262482142631551,0,0,0
129.45610381648783,Animacao,3,4.505473489443428,1,0,1
50.89442191342925,Drama,12,3.7863644738418385,0,0,1
225.70276871864039,Drama,3,2.273874573441164,0,0,0
211.6541578733765,Acao,4,2.1099043035147016,0,1,0
208.80447387766463,Sci-Fi,12,3.8066646836248497,1,0,1
125.60351765501669,Comedia,4,4.597986613531457,0,0,0
226.46270049028882,Animacao,2,7.932959211602048,1,0,1
66.40561239600311,Sci-Fi,4,3.513050185074892,0,0,0
81.37348252910276,Comedia,1,1.146980830555468,0,0,0
90.13306270658661,Comedia,1,8.949919811706438,0,0,0
220.32661330203862,Animacao,9,3.0259265037872893,1,0,1
73.79937866850999,Drama,3,7.243955945166034,0,0,0
123.87974986703207,Animacao,7,8.339785981294913,1,0,1
145.0605147748083,Drama,9,4.097644750803807,0,0,0
122.06445586729967,Comedia,8,1.0969633750535994,1,0,0
180.4319220154074,Animacao,12,2.560574394818274,1,1,1
100.1923409389612,Acao,5,6.013089728308378,1,0,1
158.69256575412643,Acao,8,5.171179331091598,0,0,0
190.80705820671815,Sci-Fi,4,2.922069799174054,1,1,0
230.1431862161837,Drama,8,1.9872736419953783,0,0,0
71.7315749146269,Drama,8,4.541354900420169,1,0,0
34.51596724352302,Sci-Fi,3,6.746623384644147,1,0,0
249.4882676536198,Animacao,9,8.525853532437303,1,0,1
129.1162716395732,Drama,11,9.80551843385429,1,0,1
244.4382458931321,Sci-Fi,5,3.252378667669358,1,0,1
235.7484476153157,Animacao,12,2.9656584095507426,0,0,1
112.13148505037105,Drama,1,4.138964631291468,0,0,0
103.07358983230831,Animacao,9,1.2229577847973316,0,0,0
116.4982397138468,Drama,2,8.466633429543716,0,1,1
125.68034240603416,Sci-Fi,9,8.892157595570609,0,0,0
160.61170318312952,Comedia,8,9.598448878119793,0,0,0
73.11499612489578,Animacao,7,6.84989335964465,0,0,1
246.66212905087355,Comedia,5,7.724504372985879,0,0,1
19.9535966270102,Comedia,12,1.6901454209768703,1,0,0
40.59685014774992,Acao,6,4.572236619195982,0,1,0
159.4922600407872,Sci-Fi,7,8.8205803395775,0,1,1
219.48519438249002,Drama,10,4.982713373001074,0,0,0
248.22710640335393,Animacao,4,4.84687151677421,0,0,1
129.15093196909186,Comedia,11,1.503370070368887,1,1,0
226.15390160548682,Drama,5,5.480344923714783,0,0,0
178.06080259838924,Animacao,9,3.4425522248391824,1,0,1
57.46250135394155,Sci-Fi,9,5.179452381444146,0,0,0
231.97115210035062,Animacao,3,2.787982566112989,0,0,1
31.76383821552813,Sci-Fi,5,8.014556362187498,0,0,0
110.89472252943858,Drama,11,4.295915450263188,0,0,0
201.7298711429343,Drama,4,1.8171393964547897,1,0,0
167.77616859031576,Comedia,3,2.0240761483873735,0,0,0
225.26817933878223,Animacao,12,4.356156848241806,1,0,1
53.9661323383507,Sci-Fi,12,8.12758344359543,0,0,1
149.64392065576533,Animacao,11,6.613226145047675,1,0,1
95.47742353332393,Animacao,12,5.62012081116668,1,0,1
87.74931888076127,Drama,7,4.746214305050334,0,1,1
105.00859989597723,Drama,10,2.4082138230747656,0,0,0
244.2525817324248,Acao,7,9.413074636269378,0,0,1
207.3868686456571,Comedia,2,3.4269228596190784,0,0,0
118.72481883149796,Acao,4,5.57946330969506,0,1,0
108.94681247214366,Comedia,4,2.1716556687221553,1,0,0
147.07655498510977,Comedia,4,2.499019271467406,1,0,1
122.40796353351146,Animacao,10,5.057227692781469,1,0,1
95.03082335737594,Acao,6,1.2624512263758967,0,0,0
213.73650397943047,Drama,11,3.998051382656087,0,0,0
193.47389093615956,Sci-Fi,1,2.094005547457882,1,0,0
92.64220871174413,Comedia,4,4.722135667492861,0,0,0
125.26541318958928,Acao,10,7.043889987700206,1,0,1
114.97853529080929,Comedia,5,3.806209432023102,0,0,0
170.7283911730743,Acao,8,8.418436620594292,1,0,1
136.76775006151593,Sci-Fi,2,4.790925960152272,0,1,0
246.00294380383556,Acao,3,5.628572145538706,1,0,1
211.80511582333523,Comedia,7,6.810612412626336,0,0,1
105.73292133355042,Animacao,7,2.6880190417745715,0,0,0
93.27103676131742,Comedia,11,3.3621801178234447,0,0,0
163.9560749892473,Acao,8,2.561039156617558,1,0,1
124.98956758716734,Acao,5,6.590488735889624,1,0,0
110.43128955750183,Acao,7,5.325519109784728,0,0,0
201.895515947745,Sci-Fi,7,3.4631890191134778,0,0,1
218.80715010990573,Sci-Fi,5,1.6037083813007826,0,1,0
210.3137903623864,Sci-Fi,7,2.4940800578161335,0,1,1
155.40099743603287,Sci-Fi,11,1.5582311898728434,0,0,0
95.20885464564473,Sci-Fi,11,5.739580774876797,0,0,0
210.6628286902167,Sci-Fi,6,3.960030487467353,0,1,1
99.2287112151911,Acao,9,9.016455403227894,0,0,1
74.17950058046104,Animacao,6,4.731108482723574,0,0,0
92.05862061766356,Comedia,11,7.29599207419817,0,0,1
193.4115971133961,Comedia,11,9.527859979104457,1,0,1
243.19892774482912,Drama,9,5.731748464760276,0,0,1
32.819022718093684,Comedia,2,7.230302994679079,1,0,0
169.40591470970514,Sci-Fi,2,9.228059083021762,1,0,1
196.32940110560642,Animacao,12,2.472076416115181,0,0,1
129.81667062511832,Drama,4,4.848761931681716,1,0,0
166.72837785935252,Drama,1,3.0720377269910504,0,1,0
137.21725446782528,Drama,4,2.7653535931840727,0,0,0
121.65188364697028,Drama,9,9.073030922600768,1,0,1
14.6238333986516,Sci-Fi,10,8.984814805112585,1,0,1
161.12076425433105,Acao,1,9.533286950208547,1,1,1
113.64297566319051,Comedia,2,5.521010178146183,1,1,0
197.39463437642698,Sci-Fi,4,6.930338819357486,0,1,0
102.72849860493237,Sci-Fi,11,8.52608259100267,0,0,0
47.146529001767085,Acao,4,6.994782197616131,0,0,0
70.53565429154472,Drama,8,2.7748260630771417,1,0,0
217.87646577886755,Acao,2,8.278437216697228,1,0,1
110.64925844413804,Drama,2,8.803545991083372,1,0,0
166.2847598015137,Animacao,11,5.8220947883008805,0,1,0
74.48225260093156,Drama,9,5.998213813562419,0,1,0
98.53978890191642,Drama,6,1.551374889547413,1,0,0
145.06033077735705,Animacao,6,7.4548128362114525,0,1,1
146.64683163144363,Comedia,11,1.7837157779278505,0,0,1
37.266707567382895,Sci-Fi,9,2.8661358391236846,1,0,0
30.102664665392656,Acao,12,9.60402328736254,0,0,1
38.951830152517,Drama,7,5.111328303279946,1,0,0
99.02580303380311,Sci-Fi,5,5.2229616075965435,1,0,1
149.9487773336899,Acao,12,4.875203815149463,0,1,1
105.41090736768166,Comedia,7,5.5128858442825175,0,1,1
200.24597715309787,Comedia,6,9.453466326146689,1,0,1
198.26403041487237,Comedia,11,9.433277060868967,1,0,1
206.40019824236984,Animacao,2,7.972314215725141,1,0,1
106.12800104174048,Sci-Fi,2,7.377453545395771,0,0,1
46.45223290976567,Acao,3,8.913899170147582,0,0,1
131.7105831816159,Drama,9,6.726616215898308,0,1,0
156.37453882584018,Comedia,12,3.7860736398034285,1,0,1
38.16580249365981,Comedia,10,3.445514775121536,0,1,0
154.8043199559546,Sci-Fi,3,4.6553578241563525,0,0,0
65.15620637959799,Comedia,5,4.4273262448712245,0,0,0
89.4430606364112,Animacao,7,5.871296518748439,1,0,1
49.73267788276512,Comedia,5,5.559072905330141,0,0,0
73.13483406679822,Drama,1,5.857918959276925,1,0,1
37.77356954068633,Comedia,8,1.655301845680425,0,0,0
63.39083970375026,Comedia,6,5.711142593227041,0,0,0
155.8905217298597,Drama,12,5.323571094880828,1,0,1
71.30184485121492,Acao,2,3.016124210503598,0,0,0
101.49484621162334,Acao,2,1.1268174598849572,1,0,1
53.57187784817718,Drama,8,8.525638002666119,1,0,1
90.48618736323958,Acao,11,3.328931637471285,0,0,0
239.17083615112804,Drama,9,2.0540362006856925,1,1,1
162.01934844517245,Acao,2,6.358926045942635,1,0,0
119.09177400252476,Animacao,7,8.394489717524381,1,0,1
172.8933674108182,Acao,8,9.017689800132068,0,0,1
102.5832154924433,Drama,1,7.623654623016231,0,0,0
195.37868281359133,Drama,9,8.581477265231682,1,0,1
194.6547208862085,Drama,8,4.3557224968613095,1,0,1
58.21866463598327,Comedia,5,3.7155411451472733,0,1,0
180.4181195340404,Sci-Fi,9,8.960382343760758,0,0,1
176.8797138374577,Comedia,8,3.6578222865723165,0,1,0
160.4315262840297,Comedia,9,2.180879201231376,0,0,0
237.5999436068442,Drama,12,5.999147687096186,0,0,1
116.15798018742795,Animacao,7,8.681880753217293,1,0,1
179.70161028198248,Acao,9,8.372217902786304,0,0,0
76.3584279062871,Sci-Fi,2,6.160696462349865,0,0,0
58.33262487053407,Comedia,10,3.8972542175864255,0,0,0
97.62467126401178,Drama,6,2.1200527895685557,0,1,0
68.54079297859852,Acao,11,6.449819826215239,0,1,0
106.63530603033551,Drama,3,5.0079677112294245,0,0,1
152.70063652346795,Animacao,6,1.4319656950903505,1,0,0
109.93298682902645,Comedia,3,5.012212070751498,0,1,0
152.47044536937793,Acao,5,3.15247979561949,0,0,0
117.42762926173879,Animacao,6,2.708681692128787,1,0,0
134.87223207993716,Comedia,11,6.147655025733066,1,0,1
111.59436903682605,Comedia,7,9.101491195081607,1,0,1
175.8432101618124,Comedia,6,6.5813583389557415,1,0,1
80.85804628364474,Acao,11,3.904349479177594,0,0,0
238.03592932491296,Acao,11,4.662217070657092,0,0,0
192.35507916213098,Acao,6,7.444317058084507,0,0,1
115.87252315788591,Comedia,5,7.4144219824957025,0,0,0
124.88881619704757,Acao,2,9.410804008330711,1,1,1
219.85797048642465,Sci-Fi,10,6.881142758419049,0,0,1
211.12758108322112,Animacao,4,3.8742873210460935,0,0,0
170.24822736037638,Drama,6,9.96850844211685,1,1,1
36.249446387905486,Sci-Fi,6,4.410300550275079,1,0,0
248.93414553765916,Drama,3,4.462815401591051,1,0,1
221.72790398329664,Sci-Fi,8,8.825529051143231,1,0,1
97.38205560840487,Drama,5,1.1326246216921885,1,0,0
89.37772794679397,Acao,8,7.27640425534206,0,0,0
201.9924825658708,Animacao,3,9.033173471431398,1,0,1
23.928254291125953,Sci-Fi,4,5.587229163422412,0,0,0
244.42662842006487,Animacao,9,7.904614576963512,0,1,1
183.89279338511395,Acao,6,6.7493372572404615,1,1,1
15.599360383029328,Animacao,10,6.428833362587887,0,0,0
153.3469290287422,Animacao,3,5.056655539921749,0,0,0
50.103309551148044,Sci-Fi,6,8.521722530401952,1,0,1
240.7336388159008,Sci-Fi,9,1.0680173394052934,0,0,0
220.1386563230241,Comedia,11,3.0531627891264694,0,0,0
170.68913643302855,Sci-Fi,2,9.726760500787883,0,0,1
45.65907732318741,Acao,3,3.6241766346828346,0,1,0
65.95139834398864,Acao,3,7.329155752772298,1,0,1
20.056565821733507,Animacao,10,6.051990828728644,1,1,0
217.68037471478317,Animacao,10,6.254744595810527,1,1,1
105.76377361472835,Animacao,5,2.1428426014948387,1,0,0
159.05514726303747,Animacao,3,4.387341723733894,0,0,1
142.57396286978803,Drama,3,8.88444302192958,0,0,1
42.70618306995033,Drama,9,4.503011795526532,0,0,0
21.316295225205995,Sci-Fi,2,8.490792125281422,0,0,0
159.30749921534917,Comedia,2,2.58036596443044,1,1,1
198.95056716692585,Sci-Fi,1,4.63690813768148,1,0,1
57.782281797518145,Sci-Fi,9,9.274591587957612,1,0,0
86.62131958130219,Comedia,6,3.1703460772089587,0,0,0
196.64953016398002,Comedia,3,3.880799950995672,0,1,0
156.79195820918503,Acao,8,9.237009003839358,0,0,1
115.96585875851764,Acao,2,5.387761054197443,0,1,0
226.7480511049929,Acao,8,3.0860480873465774,0,0,1
201.2484071455957,Acao,9,7.258205156420202,0,0,0
95.96365583981479,Acao,10,7.537459679464097,0,0,0
77.5195702140629,Drama,3,3.2007866166646854,0,0,0
137.6514455050912,Drama,6,3.5326542380372423,0,0,0
114.39154566647406,Acao,2,1.0588406849336787,0,0,0
140.8846394996208,Acao,2,7.875680041207928,0,0,1
46.92923236134594,Comedia,4,1.399483053296147,0,0,0
20.711944225217678,Comedia,8,9.570704021940879,1,0,1
223.35276619484495,Animacao,11,5.573059218893722,1,1,0
239.71575858640205,Acao,10,2.5633167149627636,1,0,1
84.24621950720473,Animacao,12,1.3963499521336378,0,1,0
42.322275401397334,Comedia,2,4.655897300502783,0,0,0
62.54758443069758,Comedia,11,6.219435590480354,0,1,0
206.0192682026543,Animacao,8,4.403482139658124,1,0,1
189.0633010688559,Animacao,5,3.5524189226376537,0,0,0
23.540853557094394,Animacao,8,8.330614963046143,0,0,0
125.28131222313971,Comedia,10,2.3621157895960443,0,0,0
23.70107121376013,Sci-Fi,11,8.996167320451626,1,1,1
18.191321365073804,Acao,6,7.631454336514188,0,0,0
208.1713380665193,Drama,5,6.940117666515096,1,1,1
36.52026667043276,Sci-Fi,6,7.384654388835554,1,0,1
20.72832471626424,Acao,2,2.2647287248586676,0,0,0
106.68729288682485,Sci-Fi,7,5.06737759612991,1,1,1
210.48161205863101,Drama,2,7.717551218885648,0,0,1
219.04228624970892,Drama,11,8.248019468791114,0,0,1
49.30462201257914,Comedia,11,8.556234263941302,0,0,1
134.87009374199198,Acao,6,8.15746250638119,1,0,1
167.92893119582348,Sci-Fi,2,2.4066708746558017,1,0,0
59.809933931784585,Acao,5,5.362379991095511,0,0,0
48.250570031707824,Comedia,1,7.333130330413106,0,0,1
197.97444579923288,Drama,4,7.335047444530215,0,0,0
62.17794145132246,Sci-Fi,4,6.764915312627505,0,0,1
72.78624244796866,Sci-Fi,11,4.884295105131985,1,0,1
28.241272387007346,Sci-Fi,9,7.936556777008703,1,0,1
174.6247663589586,Acao,12,5.7331195426493515,1,0,1
114.47368369042144,Drama,1,5.687741827519128,0,1,0
121.85388172303122,Animacao,1,9.334831539087256,0,0,1
83.9365160939445,Sci-Fi,7,1.63737446390684,1,0,0
218.219627527899,Animacao,9,1.9225967390152898,1,0,0
39.715097284473806,Sci-Fi,2,3.766455411449238,1,0,0
201.67845974052446,Sci-Fi,7,9.558165743074413,1,0,1
216.8082161459319,Drama,6,8.420932158151881,1,0,1
233.73688008588368,Animacao,9,3.418088872249841,1,0,1
135.66566558951558,Acao,4,5.870452307252453,1,0,1
57.69095536613602,Sci-Fi,2,7.127379825076147,1,0,1
221.86212765638342,Sci-Fi,10,3.5984351593364368,1,1,1
157.584875277964,Drama,5,1.2860544649424681,0,0,0
45.39914336158507,Acao,9,3.497304035035552,1,0,0
102.03002481638772,Acao,7,9.733130184088115,0,0,1
114.90225130372691,Sci-Fi,10,7.268503157922069,0,1,0
105.31123393402764,Sci-Fi,1,5.109765574557738,1,0,0
219.97309635095533,Comedia,3,7.9515303194844,1,0,1
88.22605689783781,Animacao,9,3.491809234465421,0,0,0
26.15638875891637,Sci-Fi,6,7.175314615546204,1,0,1
242.33686082559092,Drama,1,1.426882439509674,0,0,0
15.350513848254916,Sci-Fi,2,8.53621530667459,0,0,0
23.142946297325278,Sci-Fi,6,1.665016598573232,0,0,0
83.8891967977048,Comedia,2,3.1608297853606633,1,0,0
157.0109192919413,Acao,7,9.850184595965843,0,0,1
249.987180588823,Animacao,5,1.9322280919009274,1,0,1
223.22636316053254,Animacao,3,3.557239383939237,0,0,0
58.92471624323075,Drama,6,1.7084867288598176,1,0,0
238.04010539827001,Drama,8,1.9045253454534752,0,0,1
103.4019373936307,Sci-Fi,12,8.367137551264765,0,0,1
137.23371862334423,Acao,2,2.304467012845534,0,0,0
148.12581959086242,Animacao,4,6.715937126937833,0,0,0
155.29643374398253,Comedia,10,1.017924263911939,0,1,0
239.9396667001004,Animacao,4,7.235444466255251,1,0,1
218.54508212559378,Sci-Fi,9,1.4273221106461735,1,1,1
172.29363815112964,Drama,9,7.2152118393077185,0,0,0
204.27573398261643,Drama,12,5.963702909636281,0,0,1
158.68755927589356,Drama,5,7.189215803091133,1,0,1
85.96209742163144,Animacao,7,5.564748588256307,1,0,1
12.055288838012714,Drama,10,3.99020968403381,0,0,0
115.0597771387184,Animacao,6,4.95508245944133,1,0,0
216.712733443801,Animacao,5,7.492232474354435,0,0,1
30.870424093245276,Comedia,2,6.050330736396482,0,0,0
35.07875060728963,Sci-Fi,4,3.390101554778175,0,0,0
208.44315652919263,Comedia,12,1.7346726851697714,1,0,1
57.67539978033888,Acao,7,9.769050628400874,1,1,1
10.232433473326594,Sci-Fi,1,1.8680767564707124,0,0,0
92.52169118529785,Acao,7,5.28641039329763,1,1,1
106.33006334117061,Comedia,1,8.03974914877271,0,0,0
167.14637053945802,Drama,9,4.464026148953041,1,1,0
118.04043121565178,Animacao,3,6.091100640790249,0,0,0
243.1504633913779,Drama,7,1.1913614961061256,0,0,1
31.84435427822523,Drama,10,7.9784057892963745,1,1,1
64.5746323199183,Acao,4,8.64639346742156,0,1,1
157.36690141875434,Comedia,12,3.2418266567039105,0,0,1
169.69574457344285,Animacao,12,4.574565818441181,0,0,1
23.50909491167051,Sci-Fi,8,7.711439182151151,0,1,1
164.09757155070335,Comedia,9,2.9645086031821286,1,0,1
164.00927653834535,Comedia,5,4.18248987235141,1,0,0
216.9436920232513,Acao,3,8.022190763281033,0,0,1
180.02414962777843,Sci-Fi,10,1.3089711001939537,1,0,1
240.00543765384418,Comedia,9,1.538760549189854,1,0,1
53.957313789751154,Animacao,7,1.8970975099066414,0,0,0
50.42213469467423,Sci-Fi,2,4.984104118176221,1,0,0
71.38290433526052,Acao,2,1.6745271017199395,0,0,0
139.55619193023972,Acao,3,6.494562838784394,0,0,0
26.28788489615279,Comedia,8,5.6929027564530745,0,1,0
75.61816367793007,Sci-Fi,9,4.729808125851046,1,0,0
206.51983872046046,Acao,3,1.5130897760151023,1,0,0
68.8221790974297,Acao,11,9.768298181869655,0,1,1
160.90464180146546,Animacao,8,1.998556217646029,0,0,0
32.296326139535026,Comedia,4,5.969206435311155,0,0,0
50.86311291802226,Sci-Fi,7,1.852217302453762,0,0,1
51.7937684390147,Acao,6,7.651671421682985,1,1,1
226.68707114445576,Acao,7,3.5455549255580223,0,1,1
14.609984597911208,Acao,9,4.81545373116043,1,1,0
144.32495990659305,Acao,9,9.734833184701861,1,0,1
127.55388066628292,Acao,10,3.102927341240352,0,1,0
30.05755195505202,Acao,11,2.787004212213926,0,0,0
142.37351099299423,Drama,4,2.4798579711283537,1,1,0
41.311504273775654,Sci-Fi,3,1.134473805449526,0,0,0
13.93381266829639,Drama,12,8.848426214399193,0,0,1
105.34722506838642,Drama,9,8.863240807365719,0,0,1
103.21695618848177,Sci-Fi,4,6.123874511339428,0,0,1
91.02972865618915,Animacao,5,9.934454322616464,0,0,0
50.3319526696291,Comedia,12,7.036145306744942,0,0,1
176.3806171439758,Animacao,6,3.8354151181132377,1,0,1
240.88260979252829,Animacao,3,9.47144563864418,0,0,1
218.46376244913552,Sci-Fi,8,8.726030050285594,0,0,1
113.16355957245273,Animacao,5,1.9853291353329163,1,0,0
197.38674951182819,Comedia,7,3.9244932378661215,1,0,1
43.93601167128097,Drama,3,9.105213231825216,0,0,0
239.2753220418795,Sci-Fi,12,1.4364675523836072,0,0,1
124.5098186863029,Drama,2,4.75781013945645,0,0,0
136.9039194327155,Comedia,7,8.356460427922848,0,0,1
242.30503112398603,Comedia,10,4.084777810979784,0,0,1
175.39224296860957,Animacao,3,7.157102101827798,0,1,1
127.65008848645452,Acao,7,2.5438861022335177,1,0,1
44.11691406802322,Drama,12,3.6892127937509334,0,1,1
138.12637861580248,Sci-Fi,10,6.542500477365269,0,0,0
22.193648482600334,Acao,5,1.2659748889442182,0,0,0
224.25244482388052,Animacao,10,7.186147068591638,0,0,1
189.49844212561942,Comedia,12,8.132402462492475,0,1,1
15.899013228678855,Acao,10,9.056198610148158,0,0,0
78.36447978873505,Sci-Fi,4,6.208344284224152,0,0,1
112.02546011813395,Acao,4,3.3081228953199098,1,0,1
244.10781704441825,Comedia,6,8.898473781764313,1,0,1
15.393685971852706,Animacao,8,1.7312064504321936,0,0,0
72.43426738639087,Drama,3,8.312256456777419,0,1,0
104.58923465908684,Drama,6,9.644740557753236,1,0,1
206.73806402056647,Drama,11,5.533391948303782,1,1,1
247.82563465719426,Drama,11,4.496847302493462,0,1,0
153.84046121621873,Comedia,7,6.685177925417847,0,0,1
140.9104752999573,Drama,3,3.1169635805357476,0,0,0
34.374203605408205,Animacao,4,8.816926890411407,0,0,0
164.60908487071566,Drama,1,5.732143061577578,1,0,1
70.15862120630047,Drama,12,4.116825551416138,1,0,0
95.11719438839901,Animacao,11,5.888693117707312,0,0,0
117.06172988852359,Comedia,12,2.2794630051620057,0,0,0
58.573167854774596,Animacao,10,8.865848237448192,0,0,1
97.46205475636737,Drama,2,5.093710252369677,1,0,1
212.78318177890583,Animacao,6,5.207046395861773,0,0,1
35.793627049873166,Sci-Fi,7,2.8509375312271223,0,0,1
233.58777501984943,Acao,4,8.197542764378218,0,1,1
41.47621315121089,Sci-Fi,10,8.53349422177228,0,0,0
238.07839854595161,Drama,1,2.279196315683504,1,0,1
143.61860071000768,Acao,6,4.681836771156592,0,0,1
118.56952258633635,Animacao,3,7.328994668749849,0,1,1
11.519783594073587,Comedia,5,3.0012921612462824,0,1,0
74.74526531011703,Animacao,2,3.7483546988011205,1,1,1
143.54212225107258,Animacao,10,8.561541352981113,0,0,1
87.81294883703565,Animacao,8,4.106112073747818,1,0,0
147.73507077417472,Comedia,11,1.6640060166926096,1,1,1
158.27819380050556,Sci-Fi,2,7.247557168245569,0,1,0
94.17498682405122,Comedia,12,3.862684791501156,0,0,1
144.34120523890812,Animacao,4,6.890428078120589,1,0,1
71.27324341530664,Comedia,6,1.1978962955903145,0,1,0
197.30368397425914,Acao,4,7.75155200766225,0,0,1
58.958276519817744,Animacao,5,1.9679138707813624,0,0,0
129.0200789350776,Animacao,5,9.74832124121279,0,0,1
90.47361042732233,Drama,8,4.573394834576597,0,0,0
81.39993784035659,Comedia,9,8.733930064745609,0,0,1
113.36638074813874,Acao,12,6.509540300100986,1,0,1
165.2262755434168,Acao,11,3.242805381204053,0,0,0
114.92681433114768,Acao,5,6.763393402289497,1,1,1
121.35098310000525,Drama,2,6.123860305553533,0,0,0
146.27101273661884,Drama,6,7.876146731749904,0,0,1
173.7529060153198,Drama,11,4.87686065002981,1,0,1
105.72952695752116,Acao,3,3.1388671480392487,0,0,0
124.63291203875434,Comedia,10,9.47860916106261,0,0,1
84.64038330584788,Sci-Fi,7,3.6392958064947205,1,0,1
68.29968293831386,Sci-Fi,6,9.25277730517514,1,0,1
199.96640706170632,Animacao,12,7.65452349671437,1,1,1
239.62500043831824,Sci-Fi,10,2.924967405043505,1,0,1
116.21677936442283,Drama,6,9.920622537099716,1,0,1
161.70749377659538,Acao,5,8.758454835225274,0,0,1
82.21664761052506,Drama,12,6.077049141148461,0,0,1
148.26883289950865,Comedia,9,7.350778542668365,1,1,1
10.790527437824196,Animacao,7,8.707462688183075,0,0,0
146.29219097600154,Comedia,10,9.236458863663302,1,0,1
239.75716574572664,Acao,12,5.810124940187794,0,0,1
43.139860045667476,Animacao,1,9.691970641561142,1,0,1
214.54744133855098,Comedia,10,9.179181763862339,0,0,0
100.69413557284464,Drama,5,1.6486390673442153,0,0,0
70.01915626408959,Drama,4,9.595987238026362,1,1,1
103.75852923887147,Acao,2,8.252542550084598,0,0,1
18.69515430858124,Drama,2,6.886855254063339,0,1,0
59.766420670605065,Drama,2,1.9967036442810948,1,0,0
188.57521115365572,Sci-Fi,6,9.905033240367432,0,0,1
205.09253484447765,Comedia,2,8.35036009310393,0,0,1
212.52993128838546,Animacao,5,9.344045205577169,1,0,1
151.9150933177651,Sci-Fi,11,8.983228475828,0,0,0
198.5005881049803,Animacao,8,1.9627246956889977,1,0,1
44.57130571148018,Sci-Fi,7,1.783586265939159,0,1,0
110.38160521734028,Comedia,4,9.632603369301476,0,0,1
46.341735232372265,Acao,7,9.169650283788943,0,0,0
93.30341287370446,Comedia,10,9.565475419717185,0,0,0
131.14685909130907,Drama,12,4.449258925386881,1,0,1
203.57935201144812,Acao,10,8.21984494043465,1,0,1
67.22109500239186,Comedia,7,4.061229092514161,0,0,1
194.26771943847615,Comedia,5,1.3238388498668785,0,0,0
234.95890078778254,Sci-Fi,10,3.179740814983675,0,0,0
107.21671957425175,Comedia,3,8.278378510411997,1,0,1
79.04521493955008,Comedia,5,9.975968976921884,1,0,0
246.13038871897695,Drama,4,4.595184099269702,1,0,1
16.081677638850902,Drama,4,9.330631382401595,0,0,0
141.90972900055692,Acao,7,9.82135482668448,0,0,1
130.42750579042539,Drama,12,5.548131805941644,0,0,1
87.40339112036254,Acao,3,5.9782894002615325,0,0,0
206.47701257480094,Sci-Fi,11,1.155527756625009,1,0,1
116.00564412761472,Acao,5,1.3931212891299931,0,0,0
68.9573473445003,Drama,9,1.1938386565311117,1,0,0
218.71157819204717,Comedia,3,7.8679286303739495,0,0,1
132.6065384060583,Drama,2,3.5510980732734487,1,0,1
209.1772064153668,Sci-Fi,1,7.085734651563316,0,0,0
79.97624791728968,Comedia,1,6.5033694767818995,1,0,1
111.66865078687577,Drama,11,3.6518022103124905,0,0,0
215.03542297256533,Drama,6,9.242771715190687,1,0,1
87.70776971160463,Animacao,10,7.502884793427867,1,1,0
220.11154809110133,Animacao,10,4.24976178262342,0,0,0
62.68947654720971,Comedia,3,7.164147045934057,1,0,1
131.225343410631,Drama,9,8.674981029499005,0,0,0
229.52801895336538,Drama,7,5.7039756805904815,1,0,1
135.34101273580188,Acao,2,1.5912569656851951,1,0,0
88.34340768106885,Sci-Fi,11,9.533864525458554,1,0,1
230.33877372440801,Acao,9,4.872437126439969,1,1,1
225.1631894986956,Animacao,5,8.570509216629414,1,1,1
34.985259017490336,Drama,12,8.47891461136479,1,0,1
87.01776250686605,Drama,6,3.6351705591538055,0,1,0
203.5393322726352,Drama,10,6.727255596670986,0,0,0
56.74068679687899,Animacao,10,4.739121502394633,1,0,0
117.61790158594793,Acao,11,4.801995711623366,0,1,0
75.46235407522633,Comedia,5,2.87014962922703,0,1,0
216.16792197386096,Drama,11,2.153435934752005,0,1,0
204.59000516437936,Animacao,10,9.041860820745697,0,0,1
220.47389459397496,Drama,1,5.329741524505768,0,0,0
78.01523147659967,Sci-Fi,6,4.73287276305043,0,0,0
249.09388092169542,Animacao,7,1.2783910087240624,1,0,1
247.16136946402906,Sci-Fi,3,3.205748908123214,0,0,0
128.22626084652987,Acao,4,3.1614585599111904,0,0,1
117.99666466439021,Drama,8,6.139784490965073,0,1,1
233.36061748756427,Animacao,10,4.318325428229796,0,0,1
223.237210213645,Acao,5,5.90906908329619,0,0,1
249.03681920881533,Animacao,4,8.708203532501678,1,0,1
236.22501960216871,Comedia,8,6.194159440697889,1,0,1
66.6396865224011,Acao,10,6.4247827660783825,1,0,0
218.5028577551714,Drama,12,1.4141407801488108,0,0,1
23.621840087001615,Comedia,1,5.275589049039985,0,0,0
163.0604695006581,Comedia,2,2.173744575511016,0,0,0
235.18970038685046,Sci-Fi,1,1.0871268376489152,0,0,1
234.79764881263742,Acao,10,1.5441389151920681,0,0,0
223.143552569749,Acao,9,1.631302459639663,1,0,1
88.07818308684429,Animacao,4,3.8544533424868206,0,0,0
230.1471165543294,Animacao,8,1.4077025536092043,1,0,0
172.87882179709464,Comedia,10,6.2058198162271205,0,0,0
200.941913013693,Sci-Fi,8,8.910038450120897,0,0,1
111.12912146753632,Sci-Fi,10,5.584689851968583,1,0,1
32.01763788942233,Acao,11,2.173747071768944,0,0,0
86.81613532626075,Animacao,6,1.522696280146477,0,0,0
111.9628699841479,Animacao,12,3.879620897347999,0,1,0
205.2920178392332,Animacao,8,4.793571173200476,1,0,1
117.98696597343661,Drama,1,6.170246944128904,0,0,0
128.59621508360723,Animacao,11,2.5864568525382703,0,0,1
236.77146890383844,Comedia,7,7.977132677021219,0,0,1
216.14483316734868,Drama,8,7.6183891364667815,1,1,1
185.88076320278415,Sci-Fi,4,2.65372892393772,1,0,0
169.19706855171256,Acao,2,6.240137045812653,1,0,1
186.93965260864547,Drama,3,8.02865744381597,1,0,1
143.1281148347576,Sci-Fi,3,8.564186818273452,1,1,1
154.15632709512107,Comedia,1,9.058063671661806,0,0,0
134.31061030697435,Sci-Fi,7,5.231785739258661,0,1,1
74.07006271467219,Animacao,6,2.7558785449091365,0,0,0
28.818471858307674,Animacao,9,5.812250366356103,0,1,0
241.83596302744434,Acao,9,3.210869682975228,1,0,1
112.85567115937863,Animacao,4,9.080165702860194,0,0,1
219.01682419184212,Animacao,2,5.2143724768387605,0,1,1
132.10414644046415,Comedia,8,3.8727385737310183,0,0,0
64.77978481323132,Animacao,2,8.481621266320266,1,0,1
188.38934240111584,Sci-Fi,9,6.789008290149624,1,0,1
246.49803632724712,Comedia,1,1.9658498582136508,0,0,1
228.9384939093369,Animacao,11,5.747213997356428,1,0,1
214.4950579065762,Acao,1,7.5390366256984365,0,0,1
242.84041649316467,Acao,2,9.834606362611282,0,1,1
24.995020141826572,Comedia,4,9.309447312727723,1,0,1
99.62843676900754,Drama,2,2.548188442655924,0,0,0
121.67869294566567,Drama,8,1.939581331737957,1,0,1
218.547304779941,Animacao,6,8.941849361340836,0,0,1
119.74522648151103,Drama,3,9.398011040018668,0,0,0
195.50959698980074,Comedia,2,3.0506917930551944,0,0,1
196.24471306367428,Drama,6,5.312835761825934,1,1,1
41.32958541523652,Acao,1,3.8203298476962235,0,0,0
144.39464797876266,Comedia,10,6.151652232300259,1,0,1
115.59808485825893,Acao,4,2.1994979673801858,0,0,0
209.58932706164234,Comedia,10,5.127459299845166,1,0,1
161.9410548738367,Drama,11,1.7720361300901373,1,1,1
26.24358442224283,Drama,6,8.779245357516553,0,0,1
144.94829512151972,Comedia,8,8.101735107154393,1,0,1
180.63792992601384,Acao,8,4.903984884263991,0,0,0
41.9238142033522,Comedia,5,6.0137534555435135,1,1,0
164.70600362608562,Sci-Fi,11,5.902528407900516,1,0,1
145.70559565267448,Sci-Fi,3,2.9288617139971858,1,0,0
163.89295733124186,Animacao,2,8.803556894919666,1,1,1
149.34393738698924,Sci-Fi,8,6.42169184219407,0,0,1
147.18815210096105,Acao,2,1.8503530326798714,1,1,0
171.71213520391663,Drama,9,4.127756189663302,0,0,0
74.9707264674737,Drama,10,5.635936819774065,0,0,0
88.71185835271186,Acao,4,1.7755726761279202,0,0,0
148.263736696821,Sci-Fi,4,6.378338295645209,0,1,1
44.12272890060972,Drama,9,1.8778594154812402,0,0,0
199.17061267405194,Drama,9,4.384374257051826,0,0,0
144.1659456449743,Sci-Fi,4,4.860013666597951,0,0,0
94.74819330478246,Acao,8,1.399350635604919,1,0,0
96.62138612504235,Comedia,12,7.7347852028465764,1,0,1
16.041288402849503,Drama,2,9.913254331322769,1,0,1
141.16670222356365,Sci-Fi,1,5.174719969249777,0,0,1
233.08531729382617,Comedia,1,1.047778773125921,0,0,0
57.40668014083561,Sci-Fi,9,6.0663289833464304,1,0,0
156.2477555429533,Drama,6,5.992217984848616,0,1,0
88.90553412032347,Drama,3,9.228259217530953,0,0,1
220.35435833427798,Drama,11,5.483745460923252,0,0,0
100.25168462464491,Drama,3,1.1976713626474558,1,0,0
45.77749330345127,Drama,4,3.7626873405707006,0,0,0
75.7983689576935,Sci-Fi,9,6.607277480989491,1,0,0
157.9853365080671,Acao,11,4.770315054552793,1,1,1
79.97902533686366,Acao,2,9.8622815609924,0,0,0
219.9564665585891,Animacao,8,6.879993507213682,0,1,1
219.26148556369338,Sci-Fi,7,3.195559905263033,0,0,1
37.20637912136244,Acao,6,1.6644482534488638,0,0,0
145.8157895960904,Comedia,3,8.869364829706718,0,0,0
170.668189213225,Acao,11,1.9630888060272769,1,0,0
37.30751420585803,Acao,2,5.168695972666423,1,0,0
31.500736075795707,Animacao,8,5.47682487262203,1,0,0
221.6220908133257,Drama,5,6.880926253653925,1,0,1
166.74701369883036,Acao,8,3.672432419629835,0,0,0
201.58422179259762,Acao,10,4.639096840942158,0,1,1
51.97645715618967,Animacao,12,2.2824421793727674,0,0,0
26.071208586817534,Drama,3,8.097117418314133,0,0,0
93.74505889653639,Comedia,9,7.893965801299182,0,1,0
79.06220248216557,Acao,5,8.942335302906463,0,0,0
235.9507615575027,Sci-Fi,11,6.293482106029716,1,0,1
146.7377067570385,Acao,1,4.818459989018317,0,0,0
202.13873751189652,Drama,3,8.043856584602553,0,0,1
110.844887130964,Sci-Fi,1,5.476089051449538,1,0,0
11.097172078929791,Acao,4,6.110372354927409,1,1,0
13.6478000273316,Comedia,3,3.3691401952536264,1,0,0
47.22750604186747,Sci-Fi,6,4.3737056962535945,0,0,0
223.68730102128998,Sci-Fi,8,3.0676827754273335,0,0,1
34.38012977206289,Comedia,7,2.703610723499609,0,0,0
79.22672424923155,Drama,11,4.436018701914105,0,0,0
233.91042818055877,Drama,3,3.8842897010217805,1,0,1
102.82813282316474,Sci-Fi,3,6.526642244283462,1,1,1
148.81533541975818,Comedia,8,7.797214226341135,0,0,0
110.83037168677352,Animacao,1,8.899513392062389,1,0,0
99.93377617919552,Drama,7,1.2780403353677277,1,0,1
219.32543161453972,Drama,4,5.332048530400843,0,0,0
227.28215501889557,Acao,1,8.292500601546568,0,0,1
85.19299651099972,Acao,9,2.117154926745627,0,0,0
130.43371516992553,Acao,7,1.269748901573322,0,0,1
241.09342993802107,Drama,8,6.608823854688743,1,0,1
194.53566702554676,Comedia,9,4.606494560045513,1,0,1
173.5822995326623,Drama,5,9.05615245562829,0,0,1
62.414577797436635,Sci-Fi,3,5.256976904408496,0,0,1
68.8966369633115,Animacao,5,6.813560423822281,1,0,0
152.31839710506435,Animacao,6,2.447034473918547,1,0,1
182.99931385535848,Animacao,2,8.280178142717798,0,1,1
153.9969696291643,Animacao,5,8.03200864437903,0,0,1
133.055104822312,Sci-Fi,10,7.648091392967794,0,0,0
167.12209518367084,Sci-Fi,11,4.648702536781442,0,0,0
92.52428418505913,Acao,3,2.8620589071508302,0,0,0
240.93673364126664,Comedia,11,3.316884254217465,1,0,1
146.08998390630617,Drama,4,9.40221867401996,1,0,1
181.71138527702706,Acao,4,7.671329387572344,1,1,1
183.8134353362571,Sci-Fi,5,5.1607858334026435,1,0,1
70.26467956204178,Drama,7,8.395085962706952,0,0,1
199.68598519173995,Sci-Fi,10,4.091070184693487,0,0,0
58.42820635812315,Drama,10,1.6689954170219132,0,0,0
122.93282462380938,Sci-Fi,7,6.122806747568689,0,0,1
50.726159135990045,Animacao,10,8.95881972285703,0,0,0
121.74244622074698,Sci-Fi,5,1.283831425959981,1,0,1
146.87669171013425,Acao,4,4.017100651546845,1,0,1
212.3305005839541,Acao,7,7.152394472467133,0,0,1
146.75138519431874,Animacao,7,2.042702200298599,1,0,1
216.33434164423417,Sci-Fi,3,5.413316180955737,0,0,0
111.41382325843601,Drama,9,2.239607595242874,1,0,0
48.379635547621895,Sci-Fi,1,6.038732446129915,0,0,0
193.24627046632312,Acao,10,2.5418336789979823,0,1,0
155.42064237017652,Animacao,9,8.582560788642658,1,0,1
31.623232219955916,Drama,8,4.848513975254258,1,1,0
109.27442020035896,Comedia,4,5.248938107234215,0,0,0
101.02843839382417,Sci-Fi,2,7.677159885109915,1,0,1
49.20372435199443,Drama,12,2.6427029047970962,1,0,1
143.09335667347338,Acao,10,5.247846275604904,0,0,0
50.16196003144256,Drama,6,9.045432838300732,0,0,0
113.52373377071754,Drama,4,7.3294078337654245,0,0,1
168.6445205795501,Drama,9,5.105997711241686,1,1,1
183.6430214723149,Drama,2,7.772936560742161,0,0,0
173.93660374666914,Drama,9,5.334293352616552,0,1,1
234.09747770112097,Comedia,9,8.768989213196566,1,0,1
57.55860190750306,Animacao,3,6.438570700728619,1,0,1
96.61253679120202,Drama,11,2.865528005176306,0,0,1
47.633237480731154,Acao,8,6.217131075818734,1,0,1
239.70132379692592,Comedia,12,5.922206577686689,0,1,1
139.80318332899463,Animacao,8,4.026589045012432,0,0,0
163.71423689848316,Comedia,2,6.802904374049916,0,0,1
96.54327565365097,Sci-Fi,3,2.5626614070017277,0,0,0
11.966070759586707,Comedia,2,5.446369252267202,1,0,1
22.794595829485125,Drama,1,8.682845516371875,1,1,1
236.38822761746943,Drama,2,9.312508847364628,0,1,1
236.5902545891589,Sci-Fi,9,7.561946495160929,0,0,1
91.2845063121832,Sci-Fi,3,9.768694440489107,0,0,1
179.91865344318427,Sci-Fi,8,1.094801376300492,0,0,0
166.51580986808176,Sci-Fi,9,6.969942446165026,1,1,1
150.59674671625396,Animacao,3,5.69559264342916,1,0,1
176.8081039488493,Comedia,8,1.8683599432228504,1,0,1
139.9954923379304,Drama,12,9.667830137315882,1,1,1
29.39043247929705,Animacao,10,8.962349820279583,0,1,1
112.4008057278742,Acao,6,7.759313519221987,1,0,1
240.8814748100045,Sci-Fi,3,8.00556500089828,1,0,1
31.04513454815929,Acao,1,5.8836699984459,0,0,0
11.101112895707175,Sci-Fi,3,4.980123271683185,1,0,0
119.11690187034014,Animacao,7,9.066213692048285,0,0,1
130.30080748586548,Acao,11,4.292169529554473,1,0,0
124.4560263346899,Comedia,12,5.12700905180974,0,0,1
188.40745193390777,Sci-Fi,8,8.978012802003088,0,0,1
151.8769770320987,Drama,2,9.541227978097405,0,1,1
169.76513970309085,Sci-Fi,10,6.094239736100721,1,0,1
169.48530608956486,Comedia,7,7.059357560870502,0,0,1
137.975713350793,Acao,11,6.949020261280102,1,1,1
144.9961534106115,Acao,10,9.920588953500106,1,0,1
126.25339080397195,Comedia,12,7.434526099162892,1,1,1
79.80294321749246,Drama,5,5.50649649408895,0,0,0
132.60536157309588,Sci-Fi,5,2.0429600041417952,0,0,0
147.8985879916362,Comedia,9,8.045759864178132,1,1,1
26.138429712835148,Animacao,8,3.331842591287836,0,1,0
126.0858690271385,Sci-Fi,7,9.548607502518184,0,0,0
78.53099062138034,Acao,3,4.1842083602493005,0,1,0
201.08541492197077,Comedia,8,3.1056128212894842,1,0,1
236.78085423363837,Animacao,10,4.94148786965386,0,0,0
220.60057708805465,Acao,3,5.066453270518107,1,0,1
246.92710118543565,Sci-Fi,5,2.4473918044133955,0,0,0
46.070826881691715,Animacao,5,7.022335229156809,1,0,0
75.7853120955302,Comedia,9,3.1243049679148274,0,0,0
52.59432496625794,Drama,11,8.227931814275644,1,0,0
75.50573583504939,Comedia,4,6.709559711422707,0,0,0
224.7411971729647,Comedia,1,5.013640978370204,0,0,1
197.66182513669744,Animacao,5,1.0345590808882048,1,1,0
55.065425316461194,Comedia,4,8.214007680998595,1,0,1
247.76707387427678,Drama,1,5.224140867570589,0,1,1
181.05058508023777,Drama,8,9.117366124551014,0,1,0
22.15971375984452,Acao,7,4.695108387781467,0,0,0
224.96652454153522,Sci-Fi,6,6.190754923402803,0,1,0
181.50257300438213,Comedia,3,8.098091291396226,1,0,1
178.79744216923504,Comedia,11,9.85047326099586,0,1,0
135.9299997631563,Drama,12,9.662747782670088,0,0,1
107.36567307738571,Comedia,6,9.085606120640527,0,0,1
167.10902946355137,Animacao,10,5.0216802307342405,0,0,0
81.82802997059768,Animacao,4,3.1575014727078003,0,0,0
80.41820817925286,Animacao,7,3.364589500181058,1,0,1
72.32161075493482,Acao,6,4.553375874740237,0,0,0
204.60859193526002,Drama,4,3.638059163775141,0,0,0
88.25272555222213,Drama,10,1.3245898167564238,1,0,0
183.54931750489962,Drama,9,7.923618146237131,0,0,1
104.12338575843617,Animacao,9,5.441824997097017,0,0,1
108.52815979215774,Comedia,11,7.457078432718503,0,0,0
116.09424710087573,Drama,12,6.224833937840008,1,1,1
74.489160955975,Acao,10,2.331731197377742,0,1,0
142.12013559957143,Drama,2,5.823898433098162,1,0,0
164.4988810917154,Sci-Fi,11,4.5380508973786915,0,0,0
33.79356353065033,Sci-Fi,4,4.652227747215653,0,0,0
25.165253472827757,Animacao,3,7.39479024977905,0,0,0
226.60084336213606,Acao,4,4.372668177246219,1,0,1
39.829842383415524,Drama,1,8.221379185345224,0,1,0
26.49732433026081,Comedia,10,3.0183944494567596,0,0,0
148.46897748232726,Drama,9,5.721667225339779,0,0,1
242.72826740492377,Comedia,7,5.529294502075533,1,0,1
71.9394420704316,Comedia,12,8.182998934142212,0,0,1
38.19019199789039,Drama,7,1.975810911764266,1,0,1
90.61161420164734,Acao,5,2.459497604617127,0,0,0
180.30118570315787,Animacao,11,4.921821399930261,0,0,0
27.616009656481033,Sci-Fi,2,6.491500132860117,0,0,0
78.94434974604111,Drama,9,7.118640273802011,1,0,1
221.34198481634076,Comedia,9,2.425316941771322,0,0,0
117.7135954169082,Acao,10,9.382906856266603,0,0,0
237.06082662463393,Drama,3,1.4474076997738898,1,0,1
212.8063287692441,Sci-Fi,4,1.3184930017568532,0,0,0
57.22835677818453,Sci-Fi,7,1.756401567200077,1,0,0
148.14952511918023,Drama,8,6.914577519303099,0,0,1
19.19966785428717,Animacao,5,3.12204905205059,0,0,0
221.10445363887538,Comedia,11,2.103851899056794,0,0,0
128.24963820178544,Drama,4,9.51989428777582,1,0,1
243.27227110731152,Animacao,3,6.175231273095537,0,0,0
104.6568625863699,Drama,7,9.661647939306647,1,0,1
110.30889434172948,Drama,6,4.652997171706262,0,1,0
41.05220879335779,Animacao,10,9.42144103052384,1,1,0
165.6475597373412,Acao,10,5.6874877183257295,0,1,0
164.2266264326088,Sci-Fi,7,8.235881297943587,0,0,1
68.51925046700204,Animacao,12,5.987196734773853,0,0,1
207.95287016799784,Animacao,11,1.2399986733041755,0,0,1
68.37373747630117,Animacao,10,9.450696303759122,0,0,0
69.83466829049442,Comedia,5,6.512948984470963,1,1,0
189.5678289634516,Animacao,10,1.9927943851619796,1,0,0
40.5869736373719,Comedia,12,7.2151171254719975,1,0,1
63.59855391165369,Comedia,9,8.465787554975552,1,0,1
83.6295315239491,Comedia,6,9.470113893193819,1,0,1
10.286772694121815,Comedia,10,7.132507498401351,1,0,0
12.247017391795163,Comedia,9,7.899709244428754,0,1,0
91.27692390733957,Sci-Fi,7,8.574891615639265,0,1,1
66.93844414529894,Sci-Fi,9,6.65229223694479,1,1,1
116.4483439107138,Comedia,11,2.247330810664025,1,0,0
111.35541869647807,Animacao,7,8.99575666762141,0,1,1
99.74251710594906,Sci-Fi,8,8.577641636807982,0,0,1
43.50266242674554,Drama,1,4.550489812587555,1,0,0
153.07314519072432,Drama,1,3.488129991424394,0,0,0
177.95501921363817,Comedia,11,8.523500440724588,0,0,1
31.23787052387388,Acao,3,5.439917967198419,0,0,0
211.1511578558469,Acao,7,6.37986177436943,0,0,1
31.936761242901042,Sci-Fi,6,4.409214138053892,1,0,0
49.451671920877885,Drama,9,5.880589699311802,0,1,0
20.986494969772743,Acao,4,4.231785005082553,1,1,0
70.26874621322519,Sci-Fi,1,8.484837148882796,0,0,0
67.86466104070153,Sci-Fi,4,6.149141118482779,1,0,0
138.37002104980138,Sci-Fi,4,1.9396808819657914,0,0,0
208.67513897306557,Drama,7,5.002649188158531,0,0,1
66.0929893861875,Comedia,6,7.102680592127386,0,0,0
112.05842315693724,Comedia,9,2.476558249433929,0,0,0
139.82785425026134,Animacao,6,7.7601461693927085,0,0,0
120.4627567183565,Animacao,4,2.6582714916842973,0,0,0
204.0683022530101,Acao,6,6.850766914178652,1,0,1
10.40550250477791,Sci-Fi,11,6.2462982461513725,0,0,0
65.7438900052121,Animacao,7,6.444401854169073,1,0,1
82.47676313088871,Acao,4,5.685567222977866,0,0,0
205.9592905841304,Sci-Fi,3,9.991922659616206,1,0,1
46.89501096885975,Acao,12,8.90649571268142,0,1,1
125.9442924234657,Drama,8,4.003268561024826,0,0,0
195.65435499100286,Drama,6,3.745400619982826,1,0,1
133.78808118024386,Drama,2,7.6392473777755265,1,0,1
165.0103132514741,Sci-Fi,3,2.9973813804879996,0,0,0
185.435074701036,Drama,1,6.131122243484735,1,0,1
101.02934331026938,Drama,7,7.3410804164270385,0,0,1
33.82799795710075,Drama,12,1.8380465665351142,1,0,1
183.99351112934613,Sci-Fi,9,7.194104523969132,0,1,0
37.84371496557817,Comedia,8,1.995356208433904,1,0,0
78.99706109843252,Drama,1,2.0785973668139426,0,1,0
172.41541118839916,Sci-Fi,10,4.191025137052651,0,0,0
207.87432197630505,Acao,3,7.009257726909743,0,0,1
85.06861104737419,Animacao,12,5.552025246071502,1,1,1
206.15870804337263,Comedia,7,2.0404354678650454,1,0,1
26.7427546099079,Drama,3,8.047929674483129,0,0,0
84.73933007143074,Animacao,6,8.80696876579809,1,0,1
171.23603725659706,Animacao,10,2.8828131466310283,0,0,0
211.4219735121691,Acao,8,4.647856605649676,0,1,0
124.8064045930699,Acao,2,4.79419314997911,0,0,0
107.32861564883503,Acao,2,5.383991521336556,0,0,0
206.02703682750683,Drama,3,2.85812086917954,1,0,0
29.140309839607355,Acao,4,2.585759296331976,0,0,0
213.90472001402324,Acao,7,6.736733484273126,0,1,1
158.0674269801424,Comedia,8,1.3221189767660504,1,0,0
211.91378293961344,Comedia,5,9.200834282987032,0,0,0
176.98967559275974,Acao,11,5.344363220502998,1,0,1
18.55589654410518,Drama,10,1.416390229884991,0,0,0
170.53593246906138,Sci-Fi,6,7.618811976013269,0,1,0
106.99311566277248,Drama,9,6.529761015994671,0,0,0
98.12941685895682,Comedia,10,7.9253372709301555,0,1,1
19.888658823057366,Acao,6,1.8339343559421475,0,0,0
111.91388696578773,Sci-Fi,5,1.2166102669030938,0,0,0
72.49634167472746,Sci-Fi,8,6.495026409250198,0,0,0
34.59255393661294,Comedia,4,6.956062702756615,1,0,0
225.0491587648867,Acao,5,6.353651051968744,1,1,1
85.66757077997819,Animacao,9,6.208455907544982,0,0,0
112.17577916634404,Acao,4,2.2320572955242186,0,0,0
43.950752359435874,Animacao,6,7.54335947711855,0,1,0
182.28557309736937,Acao,12,9.921123348777998,0,1,1
100.84880132011342,Comedia,6,4.008482276002614,1,0,0
220.07038054264714,Drama,4,4.217655482398724,0,0,1
134.2134813276275,Acao,7,9.034781935489605,1,0,1
217.0180879463961,Drama,3,6.471345777454798,0,0,1
44.31345996997457,Acao,8,4.8276568620581415,0,0,0
49.24562786818206,Sci-Fi,11,1.6878407964616204,1,0,0
82.29202459294822,Comedia,8,4.132564882822955,0,0,0
48.7308537625718,Sci-Fi,4,7.994533566891918,1,1,1
190.32060827027084,Acao,9,3.0110928188467625,0,1,1
191.02817515277783,Drama,3,2.818148984810285,0,0,1
63.29671733095396,Comedia,1,3.7492374654136906,1,0,1
31.160475175839704,Sci-Fi,9,1.56982877946758,1,0,0
105.90468998127277,Drama,4,4.390032738253806,0,0,0
63.639983567161295,Drama,8,8.938577537999365,0,0,1
63.230662711601525,Animacao,7,2.02970973773576,1,1,1
103.16912978763645,Drama,8,1.6632451989411121,0,0,0
116.04838886196744,Comedia,9,4.478193984035056,0,0,0
211.98420716330205,Comedia,7,4.566426222347282,0,0,1
231.49353649381146,Animacao,1,5.703207271064803,1,0,1
113.77973693528153,Acao,5,2.334675328067425,0,1,0
181.42990028405038,Comedia,5,2.6491895541965866,0,0,0
60.57574512169181,Drama,11,6.482019677416263,0,1,0
122.44226810634294,Acao,4,3.08191820453409,0,1,0
100.33350388042807,Comedia,8,1.1139131368676325,0,0,0
145.5903809664632,Drama,1,9.120247384332453,0,1,1
104.58292304049539,Sci-Fi,10,6.693861675619111,0,0,1
68.19447887022741,Acao,5,5.948184181261401,1,0,0
201.34566599156477,Drama,1,3.1473296033596463,1,0,0
29.933956601682237,Acao,12,5.390398870565402,1,0,1
130.63188096911,Sci-Fi,1,6.595023835404678,1,1,1
231.4756628165023,Comedia,11,3.120155053756705,1,1,0
53.49877914133688,Comedia,5,9.282735200777372,1,0,1
217.39159303375627,Sci-Fi,5,5.683876326129787,1,0,1
176.6001963899974,Drama,10,2.0138060049872153,1,0,1
186.23744401512485,Sci-Fi,11,9.517135688419701,0,0,1
40.95739183558838,Animacao,11,4.449820014469421,0,1,0
25.976721889736176,Comedia,5,2.279996915111061,1,0,0
69.40491956929706,Sci-Fi,5,2.6327007459113734,0,0,0
95.13333701282464,Sci-Fi,3,6.928381034864769,1,0,1
39.179439052841104,Comedia,3,3.3510347112946617,0,0,0
228.4517835331298,Sci-Fi,7,8.811748439734568,0,1,1
158.24389508248188,Comedia,3,2.889813994292935,0,1,1
249.64913800504553,Drama,2,9.583197718488336,0,1,1
229.81786908050117,Animacao,10,3.8980097214564595,0,0,1
112.66183010718787,Comedia,1,6.456698538390127,0,0,0
24.077226983087023,Animacao,7,7.546506896331225,1,0,1
214.77920834153213,Animacao,4,4.318066974314608,1,0,1
179.6911677609661,Comedia,9,6.576811801552571,1,0,1
121.57216746919997,Sci-Fi,6,6.524658311620131,0,1,0
202.35399027861826,Sci-Fi,10,6.016792534626469,0,0,1
89.13698086569927,Drama,7,5.058950926833451,0,0,1
245.08400866089002,Acao,8,9.151370307070374,1,1,1
114.6725517213026,Sci-Fi,6,7.930862335922349,1,0,1
167.30344805201767,Drama,6,1.7151685088778592,1,0,0
176.2875474789336,Drama,4,8.288361095716311,0,0,1
154.5066352958374,Animacao,3,6.497843482281752,0,0,0
127.25728864501664,Sci-Fi,11,4.970029844574327,0,0,0
180.052004318066,Drama,6,8.450707339148739,1,1,1
87.78593409268471,Sci-Fi,8,4.004314920283515,0,0,0
100.88444477676478,Sci-Fi,7,3.9817677010027333,1,0,1
81.60770462808593,Comedia,2,7.36681352815442,0,0,0
118.8335978987266,Drama,1,8.03575203580658,1,0,1
88.4023996088699,Comedia,3,8.158512828573148,1,0,1
112.0911797116267,Comedia,11,7.658866781169833,0,0,1
211.5962490619052,Comedia,4,9.985327898766265,0,0,1
154.9032800099051,Comedia,7,1.2789098485367647,0,0,0
236.9198596583034,Drama,2,3.0296526045489878,1,1,1
36.87650421569357,Sci-Fi,12,6.6063017565592865,0,0,1
199.3947984942267,Drama,12,1.0946951512717131,0,0,1
122.74767963954602,Sci-Fi,3,5.761719363506482,0,0,1
223.28860445965626,Comedia,11,2.2694189804626372,0,0,0
81.38136220440187,Drama,3,5.729291459586651,0,1,0
153.12089675022347,Animacao,2,8.782473149689507,0,0,0
38.45956144809938,Comedia,12,2.366859912093219,0,1,1
169.44517403406988,Drama,1,2.020086284572942,1,0,1
219.86426434424598,Animacao,10,4.430180697269933,1,0,1
144.46339294250302,Drama,11,8.947829446216751,1,0,1
218.89394456022023,Acao,4,7.047376173036498,0,1,1
233.8542396278952,Animacao,5,8.383866978659677,0,0,1
187.36334412399881,Acao,2,9.791075498476502,0,0,1
154.87055359214125,Comedia,5,8.131931188233287,0,0,1
204.8882043905205,Acao,3,4.788577208286881,1,0,1
176.76582276848583,Drama,6,7.494727055256259,0,0,1
231.55766762884036,Animacao,6,3.7552630599477537,1,0,1
207.48576389204055,Comedia,4,3.7622879584880162,1,1,1
30.018127133868788,Acao,11,9.64366517376392,0,0,0
111.02037829210221,Drama,10,2.568422913840883,1,0,1
139.7140500841228,Animacao,5,1.2378602788220938,0,0,0
214.78247357359194,Animacao,7,9.563756519274389,0,0,1
10.39843690856884,Animacao,1,6.391157313628369,0,0,0
141.10544108278688,Drama,12,6.207279751381562,0,0,1
21.612392166904097,Animacao,4,8.904071552158944,0,0,0
61.09455237122386,Drama,2,6.027945347191537,0,1,0
136.92238933346005,Comedia,8,9.854225399923235,0,0,1
137.8417836993748,Acao,5,6.4264248133516295,1,0,0
193.62609514390348,Acao,12,5.973249568253067,0,0,1
193.2361473334824,Acao,7,6.276470240417273,0,1,1
106.12420308619564,Animacao,10,4.76582103297161,0,1,1
83.93729680629451,Animacao,2,9.986328728422356,0,0,0
160.2341574390473,Comedia,9,6.705920183160846,0,0,0
118.98490814441531,Acao,5,3.893882954223652,0,0,0
102.17094653541311,Acao,10,1.5786019457866733,1,0,0
187.37217687779224,Drama,9,1.0626314349388843,1,1,1
189.82058071041095,Drama,12,5.048923264779663,0,0,1
219.88717080748611,Acao,3,4.275556948485072,1,0,0
167.68164730382242,Drama,7,5.110980555674308,0,0,1
62.89416518084897,Sci-Fi,5,2.311752250365935,0,0,0
17.320891998751627,Acao,5,6.9751694563831075,1,1,0
33.10813242392136,Acao,12,6.416243720028814,0,0,1
48.00132720286848,Comedia,1,3.4509795766752953,0,0,0
243.25403699814842,Sci-Fi,6,3.0781921626187776,1,0,0
214.89732379700408,Acao,8,1.6105855459957519,0,0,0
211.36247134947078,Sci-Fi,10,6.555291859079976,1,1,1
117.42208217572379,Drama,11,5.255106488128671,1,0,0
71.67712216450312,Acao,11,7.051432805169658,0,0,0
185.93171844288773,Sci-Fi,3,9.016944035269798,1,0,1
232.43180318837526,Comedia,7,3.1603332730918074,1,0,1
68.09735257848668,Acao,11,7.3341795485822106,0,0,1
210.42582286163673,Comedia,1,8.840997350562484,0,1,1
232.4303276913891,Comedia,3,9.306041196225298,0,0,1
71.40182151302966,Sci-Fi,9,5.2051930707739915,0,1,0
183.7406767990972,Drama,8,2.21366722840369,1,0,0
239.39675369692372,Comedia,9,5.362980520643895,1,0,1
117.80621502230665,Drama,7,4.783262835886401,0,0,1
210.59538609086488,Acao,9,4.561164662054054,0,1,1
88.52341959499742,Sci-Fi,7,5.952077629398864,0,1,1
74.52693026266998,Animacao,2,3.8839937671130014,0,0,0
206.96494781598793,Comedia,11,1.2598556253213924,1,0,1
